"Step","VACL_sl_oldversion_minarchivelength_seed2 - cover_rate_5step"
"21000","0.172"
"42000","0.156"
"63000","0.224"
"84000","0.14"
"105000","0.138"
"126000","0.196"
"147000","0.13"
"168000","0.264"
"189000","0.208"
"210000","0.256"
"231000","0.13"
"252000","0.18799999999999997"
"273000","0.14"
"294000","0.162"
"315000","0.264"
"336000","0.174"
"357000","0.17"
"378000","0.184"
"399000","0.22200000000000003"
"420000","0.13799999999999998"
"441000","0.194"
"462000","0.2"
"483000","0.17"
"504000","0.14400000000000002"
"525000","0.19"
"546000","0.23199999999999996"
"567000","0.22"
"588000","0.184"
"609000","0.17600000000000002"
"630000","0.148"
"651000","0.19"
"672000","0.17799999999999996"
"693000","0.242"
"714000","0.156"
"735000","0.214"
"756000","0.166"
"777000","0.23"
"798000","0.13799999999999998"
"819000","0.18600000000000003"
"840000","0.22"
"861000","0.196"
"882000","0.222"
"903000","0.172"
"924000","0.2"
"945000","0.16"
"966000","0.27"
"987000","0.18"
"1008000","0.212"
"1029000","0.166"
"1050000","0.242"
"1071000","0.128"
"1092000","0.17600000000000002"
"1113000","0.158"
"1134000","0.14600000000000002"
"1155000","0.182"
"1176000","0.198"
"1197000","0.182"
"1218000","0.242"
"1239000","0.202"
"1260000","0.228"
"1281000","0.21600000000000005"
"1302000","0.214"
"1323000","0.106"
"1344000","0.196"
"1365000","0.21600000000000005"
"1386000","0.166"
"1407000","0.184"
"1428000","0.17"
"1449000","0.17800000000000002"
"1470000","0.152"
"1491000","0.16399999999999998"
"1512000","0.194"
"1533000","0.204"
"1554000","0.192"
"1575000","0.218"
"1596000","0.27"
"1617000","0.18"
"1638000","0.17"
"1659000","0.16"
"1680000","0.2"
"1701000","0.14800000000000002"
"1722000","0.258"
"1743000","0.182"
"1764000","0.152"
"1785000","0.17"
"1806000","0.21600000000000005"
"1827000","0.226"
"1848000","0.184"
"1869000","0.18"
"1890000","0.19"
"1911000","0.222"
"1932000","0.16"
"1953000","0.19"
"1974000","0.17"
"1995000","0.21"
"2016000","0.24"
"2037000","0.20200000000000004"
"2058000","0.12"
"2079000","0.17"
"2100000","0.19"
"2121000","0.234"
"2142000","0.19"
"2163000","0.096"
"2184000","0.234"
"2205000","0.17"
"2226000","0.14"
"2247000","0.13"
"2268000","0.226"
"2289000","0.22200000000000003"
"2310000","0.17"
"2331000","0.15"
"2352000","0.16399999999999998"
"2373000","0.16"
"2394000","0.168"
"2415000","0.16400000000000003"
"2436000","0.172"
"2457000","0.252"
"2478000","0.158"
"2499000","0.23"
"2520000","0.132"
"2541000","0.18"
"2562000","0.196"
"2583000","0.14"
"2604000","0.18"
"2625000","0.214"
"2646000","0.17"
"2667000","0.15600000000000003"
"2688000","0.158"
"2709000","0.15"
"2730000","0.11"
"2751000","0.116"
"2772000","0.17"
"2793000","0.168"
"2814000","0.16399999999999998"
"2835000","0.196"
"2856000","0.172"
"2877000","0.14"
"2898000","0.18"
"2919000","0.214"
"2940000","0.16"
"2961000","0.17"
"2982000","0.202"
"3003000","0.17600000000000002"
"3024000","0.21599999999999997"
"3045000","0.17"
"3066000","0.202"
"3087000","0.16399999999999998"
"3108000","0.132"
"3129000","0.184"
"3150000","0.124"
"3171000","0.198"
"3192000","0.198"
"3213000","0.16"
"3234000","0.16"
"3255000","0.234"
"3276000","0.168"
"3297000","0.106"
"3318000","0.14"
"3339000","0.182"
"3360000","0.108"
"3381000","0.14400000000000002"
"3402000","0.23"
"3423000","0.172"
"3444000","0.14"
"3465000","0.226"
"3486000","0.142"
"3507000","0.134"
"3528000","0.214"
"3549000","0.192"
"3570000","0.228"
"3591000","0.18"
"3612000","0.294"
"3633000","0.17800000000000002"
"3654000","0.204"
"3675000","0.16399999999999998"
"3696000","0.18"
"3717000","0.232"
"3738000","0.264"
"3759000","0.23"
"3780000","0.18"
"3801000","0.26"
"3822000","0.278"
"3843000","0.252"
"3864000","0.28"
"3885000","0.212"
"3906000","0.19"
"3927000","0.21"
"3948000","0.156"
"3969000","0.19"
"3990000","0.16"
"4011000","0.18600000000000003"
"4032000","0.248"
"4053000","0.22"
"4074000","0.168"
"4095000","0.262"
"4116000","0.224"
"4137000","0.27"
"4158000","0.23"
"4179000","0.304"
"4200000","0.24"
"4221000","0.28800000000000003"
"4242000","0.26"
"4263000","0.232"
"4284000","0.33799999999999997"
"4305000","0.284"
"4326000","0.29"
"4347000","0.254"
"4368000","0.144"
"4389000","0.244"
"4410000","0.30200000000000005"
"4431000","0.206"
"4452000","0.314"
"4473000","0.26"
"4494000","0.25"
"4515000","0.232"
"4536000","0.238"
"4557000","0.244"
"4578000","0.232"
"4599000","0.266"
"4620000","0.306"
"4641000","0.35600000000000004"
"4662000","0.28200000000000003"
"4683000","0.256"
"4704000","0.158"
"4725000","0.38"
"4746000","0.278"
"4767000","0.336"
"4788000","0.304"
"4809000","0.326"
"4830000","0.298"
"4851000","0.31"
"4872000","0.26"
"4893000","0.32"
"4914000","0.33399999999999996"
"4935000","0.364"
"4956000","0.298"
"4977000","0.322"
"4998000","0.33399999999999996"
"5019000","0.324"
"5040000","0.322"
"5061000","0.376"
"5082000","0.272"
"5103000","0.352"
"5124000","0.354"
"5145000","0.34600000000000003"
"5166000","0.314"
"5187000","0.324"
"5208000","0.302"
"5229000","0.292"
"5250000","0.33"
"5271000","0.32"
"5292000","0.376"
"5313000","0.394"
"5334000","0.35600000000000004"
"5355000","0.324"
"5376000","0.3"
"5397000","0.252"
"5418000","0.26799999999999996"
"5439000","0.28800000000000003"
"5460000","0.338"
"5481000","0.308"
"5502000","0.388"
"5523000","0.254"
"5544000","0.37"
"5565000","0.318"
"5586000","0.34"
"5607000","0.33399999999999996"
"5628000","0.396"
"5649000","0.368"
"5670000","0.33799999999999997"
"5691000","0.406"
"5712000","0.26"
"5733000","0.282"
"5754000","0.342"
"5775000","0.35400000000000004"
"5796000","0.28800000000000003"
"5817000","0.35600000000000004"
"5838000","0.396"
"5859000","0.376"
"5880000","0.314"
"5901000","0.28600000000000003"
"5922000","0.304"
"5943000","0.29"
"5964000","0.3640000000000001"
"5985000","0.34"
"6006000","0.344"
"6027000","0.368"
"6048000","0.34"
"6069000","0.32599999999999996"
"6090000","0.37799999999999995"
"6111000","0.34600000000000003"
"6132000","0.326"
"6153000","0.39"
"6174000","0.35400000000000004"
"6195000","0.348"
"6216000","0.32"
"6237000","0.34"
"6258000","0.358"
"6279000","0.394"
"6300000","0.38000000000000006"
"6321000","0.422"
"6342000","0.33"
"6363000","0.422"
"6384000","0.3940000000000001"
"6405000","0.4320000000000001"
"6426000","0.354"
"6447000","0.374"
"6468000","0.314"
"6489000","0.386"
"6510000","0.514"
"6531000","0.406"
"6552000","0.27399999999999997"
"6573000","0.316"
"6594000","0.32799999999999996"
"6615000","0.33799999999999997"
"6636000","0.35600000000000004"
"6657000","0.348"
"6678000","0.4"
"6699000","0.4"
"6720000","0.456"
"6741000","0.43799999999999994"
"6762000","0.4059999999999999"
"6783000","0.37199999999999994"
"6804000","0.474"
"6825000","0.466"
"6846000","0.494"
"6867000","0.412"
"6888000","0.37800000000000006"
"6909000","0.326"
"6930000","0.348"
"6951000","0.45"
"6972000","0.4300000000000001"
"6993000","0.434"
"7014000","0.402"
"7035000","0.49"
"7056000","0.422"
"7077000","0.43"
"7098000","0.436"
"7119000","0.462"
"7140000","0.418"
"7161000","0.386"
"7182000","0.396"
"7203000","0.358"
"7224000","0.392"
"7245000","0.362"
"7266000","0.526"
"7287000","0.522"
"7308000","0.414"
"7329000","0.478"
"7350000","0.412"
"7371000","0.472"
"7392000","0.398"
"7413000","0.402"
"7434000","0.412"
"7455000","0.384"
"7476000","0.49"
"7497000","0.37599999999999995"
"7518000","0.458"
"7539000","0.428"
"7560000","0.4040000000000001"
"7581000","0.442"
"7602000","0.374"
"7623000","0.348"
"7644000","0.42599999999999993"
"7665000","0.484"
"7686000","0.468"
"7707000","0.482"
"7728000","0.446"
"7749000","0.48"
"7770000","0.4280000000000001"
"7791000","0.45"
"7812000","0.54"
"7833000","0.412"
"7854000","0.544"
"7875000","0.426"
"7896000","0.416"
"7917000","0.446"
"7938000","0.45"
"7959000","0.4059999999999999"
"7980000","0.416"
"8001000","0.388"
"8022000","0.53"
"8043000","0.4479999999999999"
"8064000","0.418"
"8085000","0.426"
"8106000","0.532"
"8127000","0.4"
"8148000","0.43799999999999994"
"8169000","0.4479999999999999"
"8190000","0.504"
"8211000","0.484"
"8232000","0.562"
"8253000","0.504"
"8274000","0.486"
"8295000","0.48"
"8316000","0.502"
"8337000","0.456"
"8358000","0.426"
"8379000","0.392"
"8400000","0.4920000000000001"
"8421000","0.45400000000000007"
"8442000","0.428"
"8463000","0.564"
"8484000","0.48"
"8505000","0.536"
"8526000","0.4479999999999999"
"8547000","0.496"
"8568000","0.504"
"8589000","0.574"
"8610000","0.43800000000000006"
"8631000","0.592"
"8652000","0.472"
"8673000","0.6"
"8694000","0.462"
"8715000","0.5219999999999999"
"8736000","0.412"
"8757000","0.514"
"8778000","0.586"
"8799000","0.512"
"8820000","0.5259999999999999"
"8841000","0.588"
"8862000","0.45400000000000007"
"8883000","0.562"
"8904000","0.5740000000000001"
"8925000","0.516"
"8946000","0.462"
"8967000","0.5539999999999999"
"8988000","0.56"
"9009000","0.508"
"9030000","0.5439999999999999"
"9051000","0.63"
"9072000","0.6"
"9093000","0.62"
"9114000","0.622"
"9135000","0.4920000000000001"
"9156000","0.7"
"9177000","0.638"
"9198000","0.54"
"9219000","0.5880000000000001"
"9240000","0.5940000000000001"
"9261000","0.614"
"9282000","0.594"
"9303000","0.58"
"9324000","0.576"
"9345000","0.5740000000000001"
"9366000","0.484"
"9387000","0.602"
"9408000","0.578"
"9429000","0.57"
"9450000","0.5940000000000001"
"9471000","0.616"
"9492000","0.596"
"9513000","0.584"
"9534000","0.616"
"9555000","0.598"
"9576000","0.594"
"9597000","0.604"
"9618000","0.64"
"9639000","0.5640000000000001"
"9660000","0.5820000000000001"
"9681000","0.622"
"9702000","0.7040000000000001"
"9723000","0.5359999999999999"
"9744000","0.6559999999999999"
"9765000","0.6459999999999999"
"9786000","0.732"
"9807000","0.6399999999999999"
"9828000","0.6679999999999999"
"9849000","0.7780000000000001"
"9870000","0.5720000000000001"
"9891000","0.632"
"9912000","0.726"
"9933000","0.6259999999999999"
"9954000","0.73"
"9975000","0.6739999999999999"
"9996000","0.7"
"10017000","0.69"
"10038000","0.638"
"10059000","0.654"
"10080000","0.6920000000000001"
"10101000","0.644"
"10122000","0.612"
"10143000","0.688"
"10164000","0.67"
"10185000","0.708"
"10206000","0.6759999999999999"
"10227000","0.764"
"10248000","0.7419999999999999"
"10269000","0.7659999999999999"
"10290000","0.774"
"10311000","0.688"
"10332000","0.732"
"10353000","0.664"
"10374000","0.7340000000000001"
"10395000","0.764"
"10416000","0.74"
"10437000","0.68"
"10458000","0.7879999999999999"
"10479000","0.764"
"10500000","0.694"
"10521000","0.782"
"10542000","0.7019999999999998"
"10563000","0.7780000000000001"
"10584000","0.78"
"10605000","0.7020000000000001"
"10626000","0.74"
"10647000","0.7040000000000001"
"10668000","0.794"
"10689000","0.83"
"10710000","0.7759999999999999"
"10731000","0.73"
"10752000","0.7659999999999999"
"10773000","0.672"
"10794000","0.7339999999999999"
"10815000","0.81"
"10836000","0.8680000000000001"
"10857000","0.8540000000000001"
"10878000","0.78"
"10899000","0.774"
"10920000","0.7980000000000002"
"10941000","0.772"
"10962000","0.8240000000000001"
"10983000","0.826"
"11004000","0.8219999999999998"
"11025000","0.8540000000000001"
"11046000","0.7859999999999999"
"11067000","0.784"
"11088000","0.8759999999999999"
"11109000","0.8079999999999999"
"11130000","0.8080000000000002"
"11151000","0.804"
"11172000","0.82"
"11193000","0.872"
"11214000","0.8320000000000001"
"11235000","0.8540000000000001"
"11256000","0.84"
"11277000","0.8140000000000001"
"11298000","0.8"
"11319000","0.856"
"11340000","0.86"
"11361000","0.8"
"11382000","0.794"
"11403000","0.868"
"11424000","0.84"
"11445000","0.838"
"11466000","0.812"
"11487000","0.81"
"11508000","0.872"
"11529000","0.784"
"11550000","0.858"
"11571000","0.838"
"11592000","0.82"
"11613000","0.8420000000000001"
"11634000","0.884"
"11655000","0.856"
"11676000","0.8540000000000001"
"11697000","0.7839999999999999"
"11718000","0.768"
"11739000","0.7619999999999999"
"11760000","0.8819999999999999"
"11781000","0.852"
"11802000","0.8440000000000001"
"11823000","0.8640000000000001"
"11844000","0.85"
"11865000","0.906"
"11886000","0.872"
"11907000","0.88"
"11928000","0.858"
"11949000","0.8420000000000001"
"11970000","0.856"
"11991000","0.9"
"12012000","0.858"
"12033000","0.828"
"12054000","0.826"
"12075000","0.8280000000000001"
"12096000","0.848"
"12117000","0.86"
"12138000","0.8760000000000001"
"12159000","0.8059999999999999"
"12180000","0.812"
"12201000","0.8740000000000001"
"12222000","0.89"
"12243000","0.872"
"12264000","0.8759999999999999"
"12285000","0.932"
"12306000","0.878"
"12327000","0.8859999999999999"
"12348000","0.888"
"12369000","0.8959999999999999"
"12390000","0.8420000000000001"
"12411000","0.866"
"12432000","0.912"
"12453000","0.87"
"12474000","0.938"
"12495000","0.826"
"12516000","0.856"
"12537000","0.8320000000000001"
"12558000","0.932"
"12579000","0.8660000000000001"
"12600000","0.8640000000000001"
"12621000","0.81"
"12642000","0.918"
"12663000","0.826"
"12684000","0.944"
"12705000","0.85"
"12726000","0.778"
"12747000","0.904"
"12768000","0.912"
"12789000","0.922"
"12810000","0.932"
"12831000","0.884"
"12852000","0.914"
"12873000","0.898"
"12894000","0.91"
"12915000","0.8759999999999999"
"12936000","0.8759999999999999"
"12957000","0.8480000000000001"
"12978000","0.91"
"12999000","0.868"
"13020000","0.848"
"13041000","0.8959999999999999"
"13062000","0.942"
"13083000","0.88"
"13104000","0.88"
"13125000","0.862"
"13146000","0.93"
"13167000","0.918"
"13188000","0.8760000000000001"
"13209000","0.8740000000000001"
"13230000","0.8759999999999999"
"13251000","0.922"
"13272000","0.922"
"13293000","0.9380000000000002"
"13314000","0.906"
"13335000","0.904"
"13356000","0.894"
"13377000","0.882"
"13398000","0.92"
"13419000","0.868"
"13440000","0.8780000000000001"
"13461000","0.8959999999999999"
"13482000","0.9"
"13503000","0.8580000000000001"
"13524000","0.906"
"13545000","0.92"
"13566000","0.934"
"13587000","0.93"
"13608000","0.94"
"13629000","0.8760000000000001"
"13650000","0.91"
"13671000","0.91"
"13692000","0.926"
"13713000","0.948"
"13734000","0.918"
"13755000","0.892"
"13776000","0.908"
"13797000","0.9380000000000002"
"13818000","0.92"
"13839000","0.922"
"13860000","0.8420000000000001"
"13881000","0.888"
"13902000","0.906"
"13923000","0.954"
"13944000","0.916"
"13965000","0.932"
"13986000","0.948"
"14007000","0.8740000000000001"
"14028000","0.9"
"14049000","0.95"
"14070000","0.91"
"14091000","0.942"
"14112000","0.948"
"14133000","0.96"
"14154000","0.958"
"14175000","0.908"
"14196000","0.85"
"14217000","0.8819999999999999"
"14238000","0.92"
"14259000","0.914"
"14280000","0.914"
"14301000","0.954"
"14322000","0.88"
"14343000","0.8959999999999999"
"14364000","0.892"
"14385000","0.908"
"14406000","0.978"
"14427000","0.8980000000000001"
"14448000","0.944"
"14469000","0.9419999999999998"
"14490000","0.962"
"14511000","0.922"
"14532000","0.922"
"14553000","0.92"
"14574000","0.94"
"14595000","0.89"
"14616000","0.928"
"14637000","0.918"
"14658000","0.924"
"14679000","0.91"
"14700000","0.94"
"14721000","0.852"
"14742000","0.93"
"14763000","0.922"
"14784000","0.92"
"14805000","0.942"
"14826000","0.922"
"14847000","0.9380000000000002"
"14868000","0.962"
"14889000","0.902"
"14910000","0.916"
"14931000","0.8859999999999999"
"14952000","0.908"
"14973000","0.906"
"14994000","0.934"
"15015000","0.872"
"15036000","0.8880000000000001"
"15057000","0.926"
"15078000","0.9"
"15099000","0.912"
"15120000","0.95"
"15141000","0.85"
"15162000","0.92"
"15183000","0.93"
"15204000","0.898"
"15225000","0.904"
"15246000","0.9280000000000002"
"15267000","0.944"
"15288000","0.892"
"15309000","0.8959999999999999"
"15330000","0.95"
"15351000","0.954"
"15372000","0.978"
"15393000","0.92"
"15414000","0.954"
"15435000","0.986"
"15456000","0.962"
"15477000","0.97"
"15498000","0.94"
"15519000","0.91"
"15540000","0.936"
"15561000","0.94"
"15582000","0.9419999999999998"
"15603000","0.946"
"15624000","0.938"
"15645000","0.932"
"15666000","0.904"
"15687000","0.96"
"15708000","0.968"
"15729000","0.968"
"15750000","0.936"
"15771000","0.914"
"15792000","0.92"
"15813000","0.95"
"15834000","0.958"
"15855000","0.918"
"15876000","0.99"
"15897000","0.932"
"15918000","0.96"
"15939000","0.926"
"15960000","0.962"
"15981000","0.9419999999999998"
"16002000","0.962"
"16023000","0.95"
"16044000","0.97"
"16065000","0.94"
"16086000","0.94"
"16107000","0.98"
"16128000","0.904"
"16149000","0.964"
"16170000","0.948"
"16191000","0.97"
"16212000","0.97"
"16233000","0.962"
"16254000","0.958"
"16275000","0.948"
"16296000","0.938"
"16317000","0.946"
"16338000","0.926"
"16359000","0.976"
"16380000","0.936"
"16401000","0.956"
"16422000","0.92"
"16443000","0.948"
"16464000","0.922"
"16485000","0.926"
"16506000","0.97"
"16527000","0.934"
"16548000","0.948"
"16569000","0.95"
"16590000","0.93"
"16611000","0.95"
"16632000","0.872"
"16653000","0.922"
"16674000","0.96"
"16695000","0.96"
"16716000","0.968"
"16737000","0.924"
"16758000","0.962"
"16779000","0.974"
"16800000","0.988"
"16821000","0.962"
"16842000","0.978"
"16863000","0.968"
"16884000","0.98"
"16905000","0.918"
"16926000","0.948"
"16947000","0.944"
"16968000","0.92"
"16989000","0.964"
"17010000","0.962"
"17031000","0.97"
"17052000","0.958"
"17073000","0.978"
"17094000","0.95"
"17115000","0.966"
"17136000","0.966"
"17157000","0.964"
"17178000","0.97"
"17199000","0.946"
"17220000","0.948"
"17241000","0.938"
"17262000","0.952"
"17283000","0.962"
"17304000","0.92"
"17325000","0.942"
"17346000","0.976"
"17367000","0.956"
"17388000","0.964"
"17409000","0.96"
"17430000","0.94"
"17451000","0.99"
"17472000","0.932"
"17493000","0.93"
"17514000","0.9419999999999998"
"17535000","0.97"
"17556000","0.958"
"17577000","0.956"
"17598000","0.93"
"17619000","0.962"
"17640000","0.95"
"17661000","0.968"
"17682000","0.986"
"17703000","0.994"
"17724000","0.968"
"17745000","0.988"
"17766000","0.99"
"17787000","0.972"
"17808000","0.97"
"17829000","0.938"
"17850000","0.954"
"17871000","0.964"
"17892000","0.974"
"17913000","0.974"
"17934000","0.978"
"17955000","0.99"
"17976000","0.98"
"17997000","0.964"
"18018000","0.974"
"18039000","0.99"
"18060000","0.97"
"18081000","0.95"
"18102000","0.97"
"18123000","1"
"18144000","0.99"
"18165000","0.97"
"18186000","0.954"
"18207000","0.96"
"18228000","0.97"
"18249000","0.99"
"18270000","0.978"
"18291000","0.98"
"18312000","0.976"
"18333000","0.99"
"18354000","0.98"
"18375000","0.958"
"18396000","0.97"
"18417000","0.98"
"18438000","0.93"
"18459000","0.986"
"18480000","0.976"
"18501000","0.984"
"18522000","0.98"
"18543000","0.978"
"18564000","0.968"
"18585000","0.97"
"18606000","0.98"
"18627000","0.976"
"18648000","0.998"
"18669000","0.95"
"18690000","0.964"
"18711000","0.97"
"18732000","0.996"
"18753000","0.96"
"18774000","0.964"
"18795000","0.944"
"18816000","0.99"
"18837000","0.98"
"18858000","0.99"
"18879000","0.99"
"18900000","0.986"
"18921000","0.97"
"18942000","0.992"
"18963000","0.976"
"18984000","0.978"
"19005000","0.972"
"19026000","0.956"
"19047000","0.99"
"19068000","0.99"
"19089000","0.97"
"19110000","0.974"
"19131000","0.97"
"19152000","0.956"
"19173000","0.988"
"19194000","0.994"
"19215000","0.942"
"19236000","0.956"
"19257000","0.956"
"19278000","0.98"
"19299000","0.958"
"19320000","0.98"
"19341000","0.94"
"19362000","0.986"
"19383000","0.974"
"19404000","0.952"
"19425000","0.952"
"19446000","0.996"
"19467000","0.97"
"19488000","0.98"
"19509000","1"
"19530000","0.976"
"19551000","0.964"
"19572000","0.988"
"19593000","0.978"
"19614000","0.98"
"19635000","0.984"
"19656000","0.93"
"19677000","0.93"
"19698000","0.99"
"19719000","0.97"
"19740000","0.996"
"19761000","0.978"
"19782000","0.958"
"19803000","0.97"
"19824000","0.956"
"19845000","0.98"
"19866000","0.99"
"19887000","0.978"
"19908000","0.982"
"19929000","0.99"
"19950000","0.94"
"19971000","0.97"
"19992000","0.984"
"20013000","0.962"
"20034000","0.956"
"20055000","0.966"
"20076000","0.984"
"20097000","0.982"
"20118000","0.986"
"20139000","0.958"
"20160000","0.988"
"20181000","0.938"
"20202000","0.984"
"20223000","1"
"20244000","0.964"
"20265000","0.97"
"20286000","0.98"
"20307000","0.974"
"20328000","0.964"
"20349000","0.982"
"20370000","0.992"
"20391000","0.966"
"20412000","0.988"
"20433000","0.97"
"20454000","0.96"
"20475000","0.99"
"20496000","0.976"
"20517000","0.99"
"20538000","0.98"
"20559000","0.976"
"20580000","1"
"20601000","0.946"
"20622000","0.99"
"20643000","0.97"
"20664000","0.978"
"20685000","0.948"
"20706000","0.976"
"20727000","0.966"
"20748000","0.994"
"20769000","0.96"
"20790000","0.968"
"20811000","0.986"
"20832000","0.98"
"20853000","0.996"
"20874000","0.978"
"20895000","0.956"
"20916000","0.98"
"20937000","0.994"
"20958000","0.98"
"20979000","0.97"
"21000000","0.98"
"21021000","0.98"
"21042000","0.97"
"21063000","0.96"
"21084000","0.944"
"21105000","1"
"21126000","0.956"
"21147000","0.98"
"21168000","0.988"
"21189000","0.98"
"21210000","0.998"
"21231000","0.974"
"21252000","0.99"
"21273000","0.962"
"21294000","0.98"
"21315000","0.97"
"21336000","0.966"
"21357000","0.95"
"21378000","0.948"
"21399000","0.98"
"21420000","0.98"
"21441000","0.99"
"21462000","0.964"
"21483000","0.998"
"21504000","0.962"
"21525000","1"
"21546000","0.962"
"21567000","0.99"
"21588000","1"
"21609000","0.974"
"21630000","0.99"
"21651000","0.98"
"21672000","0.98"
"21693000","0.966"
"21714000","0.988"
"21735000","0.982"
"21756000","0.972"
"21777000","0.968"
"21798000","0.99"
"21819000","1"
"21840000","0.966"
"21861000","0.99"
"21882000","0.98"
"21903000","0.99"
"21924000","0.97"
"21945000","0.974"
"21966000","0.976"
"21987000","0.958"
"22008000","0.962"
"22029000","0.98"
"22050000","0.91"
"22071000","0.974"
"22092000","0.96"
"22113000","0.958"
"22134000","0.994"
"22155000","0.962"
"22176000","0.988"
"22197000","0.972"
"22218000","0.98"
"22239000","0.96"
"22260000","0.978"
"22281000","0.956"
"22302000","1"
"22323000","0.97"
"22344000","0.968"
"22365000","0.98"
"22386000","0.99"
"22407000","0.968"
"22428000","0.96"
"22449000","0.974"
"22470000","0.986"
"22491000","0.99"
"22512000","0.96"
"22533000","0.95"
"22554000","0.976"
"22575000","0.986"
"22596000","0.992"
"22617000","0.998"
"22638000","0.984"
"22659000","0.966"
"22680000","0.99"
"22701000","0.954"
"22722000","0.974"
"22743000","0.982"
"22764000","0.99"
"22785000","0.946"
"22806000","0.98"
"22827000","0.966"
"22848000","0.976"
"22869000","0.994"
"22890000","0.968"
"22911000","0.974"
"22932000","0.992"
"22953000","0.996"
"22974000","0.99"
"22995000","0.954"
"23016000","1"
"23037000","0.964"
"23058000","0.99"
"23079000","0.986"
"23100000","0.984"
"23121000","0.99"
"23142000","0.976"
"23163000","1"
"23184000","0.978"
"23205000","0.962"
"23226000","1"
"23247000","0.968"
"23268000","0.972"
"23289000","0.98"
"23310000","0.994"
"23331000","0.964"
"23352000","0.976"
"23373000","0.986"
"23394000","0.978"
"23415000","0.988"
"23436000","0.952"
"23457000","0.96"
"23478000","0.976"
"23499000","0.98"
"23520000","0.96"
"23541000","0.966"
"23562000","0.946"
"23583000","0.96"
"23604000","0.978"
"23625000","0.98"
"23646000","0.99"
"23667000","1"
"23688000","0.986"
"23709000","0.99"
"23730000","0.976"
"23751000","0.988"
"23772000","0.94"
"23793000","0.974"
"23814000","0.974"
"23835000","0.97"
"23856000","0.97"
"23877000","0.988"
"23898000","1"
"23919000","0.974"
"23940000","0.99"
"23961000","0.946"
"23982000","0.962"
"24003000","0.99"
"24024000","0.95"
"24045000","0.986"
"24066000","0.962"
"24087000","0.98"
"24108000","0.964"
"24129000","0.974"
"24150000","0.954"
"24171000","0.978"
"24192000","0.998"
"24213000","1"
"24234000","0.968"
"24255000","0.976"
"24276000","0.982"
"24297000","0.968"
"24318000","0.976"
"24339000","0.992"
"24360000","0.982"
"24381000","0.97"
"24402000","0.97"
"24423000","0.98"
"24444000","0.968"
"24465000","1"
"24486000","0.958"
"24507000","0.98"
"24528000","0.976"
"24549000","0.97"
"24570000","0.97"
"24591000","0.986"
"24612000","0.98"
"24633000","0.9519999999999998"
"24654000","0.98"
"24675000","0.976"
"24696000","0.972"
"24717000","0.972"
"24738000","0.98"
"24759000","0.99"
"24780000","0.974"
"24801000","0.964"
"24822000","0.998"
"24843000","0.956"
"24864000","0.98"
"24885000","0.972"
"24906000","0.988"
"24927000","0.948"
"24948000","0.972"
"24969000","0.978"
"24990000","0.954"
"25011000","0.97"
"25032000","0.954"
"25053000","0.986"
"25074000","0.968"
"25095000","0.98"
"25116000","0.972"
"25137000","0.962"
"25158000","1"
"25179000","0.954"
"25200000","0.95"
"25221000","0.994"
"25242000","0.996"
"25263000","0.99"
"25284000","0.976"
"25305000","0.98"
"25326000","0.98"
"25347000","0.998"
"25368000","0.98"
"25389000","0.986"
"25410000","0.98"
"25431000","0.978"
"25452000","0.97"
"25473000","0.968"
"25494000","0.98"
"25515000","0.984"
"25536000","0.968"
"25557000","0.97"
"25578000","0.99"
"25599000","0.972"
"25620000","0.968"
"25641000","0.994"
"25662000","1"
"25683000","0.96"
"25704000","0.982"
"25725000","0.99"
"25746000","0.95"
"25767000","0.994"
"25788000","0.986"
"25809000","0.942"
"25830000","0.984"
"25851000","0.988"
"25872000","0.978"
"25893000","0.98"
"25914000","0.99"
"25935000","0.986"
"25956000","0.988"
"25977000","0.984"
"25998000","0.94"
"26019000","0.98"
"26040000","0.97"
"26061000","0.98"
"26082000","0.98"
"26103000","0.978"
"26124000","0.976"
"26145000","0.98"
"26166000","0.958"
"26187000","0.93"
"26208000","0.99"
"26229000","0.964"
"26250000","0.98"
"26271000","0.99"
"26292000","1"
"26313000","0.96"
"26334000","0.982"
"26355000","0.994"
"26376000","0.966"
"26397000","0.99"
"26418000","0.99"
"26439000","0.966"
"26460000","0.99"
"26481000","0.984"
"26502000","0.98"
"26523000","0.99"
"26544000","0.988"
"26565000","0.976"
"26586000","0.98"
"26607000","0.966"
"26628000","0.99"
"26649000","0.988"
"26670000","0.98"
"26691000","1"
"26712000","0.978"
"26733000","0.986"
"26754000","0.986"
"26775000","0.968"
"26796000","0.99"
"26817000","0.99"
"26838000","0.98"
"26859000","0.998"
"26880000","0.99"
"26901000","0.992"
"26922000","0.978"
"26943000","0.978"
"26964000","0.982"
"26985000","0.986"
"27006000","0.96"
"27027000","0.97"
"27048000","0.946"
"27069000","0.992"
"27090000","0.988"
"27111000","0.982"
"27132000","0.986"
"27153000","0.94"
"27174000","0.994"
"27195000","0.98"
"27216000","0.99"
"27237000","0.95"
"27258000","1"
"27279000","0.99"
"27300000","0.96"
"27321000","0.98"
"27342000","1"
"27363000","0.982"
"27384000","1"
"27405000","0.984"
"27426000","0.944"
"27447000","0.98"
"27468000","0.98"
"27489000","1"
"27510000","0.964"
"27531000","0.99"
"27552000","0.944"
"27573000","0.99"
"27594000","0.98"
"27615000","0.998"
"27636000","0.99"
"27657000","0.958"
"27678000","0.986"
"27699000","0.97"
"27720000","0.996"
"27741000","0.98"
"27762000","0.992"
"27783000","0.994"
"27804000","0.99"
"27825000","0.984"
"27846000","0.998"
"27867000","0.97"
"27888000","0.974"
"27909000","0.976"
"27930000","0.972"
"27951000","0.974"
"27972000","0.994"
"27993000","0.99"
"28014000","1"
"28035000","0.97"
"28056000","0.972"
"28077000","0.984"
"28098000","0.992"
"28119000","0.966"
"28140000","1"
"28161000","1"
"28182000","0.992"
"28203000","1"
"28224000","0.996"
"28245000","0.998"
"28266000","0.98"
"28287000","0.982"
"28308000","0.962"
"28329000","0.956"
"28350000","0.972"
"28371000","0.976"
"28392000","0.98"
"28413000","0.98"
"28434000","0.986"
"28455000","1"
"28476000","0.97"
"28497000","0.978"
"28518000","0.986"
"28539000","0.99"
"28560000","0.978"
"28581000","0.982"
"28602000","1"
"28623000","0.998"
"28644000","0.98"
"28665000","1"
"28686000","0.96"
"28707000","1"
"28728000","0.976"
"28749000","0.984"
"28770000","1"
"28791000","0.966"
"28812000","0.984"
"28833000","0.99"
"28854000","0.982"
"28875000","0.99"
"28896000","0.98"
"28917000","0.99"
"28938000","0.96"
"28959000","0.974"
"28980000","0.986"
"29001000","0.988"
"29022000","0.99"
"29043000","0.986"
"29064000","0.99"
"29085000","1"
"29106000","0.974"
"29127000","0.99"
"29148000","0.99"
"29169000","0.99"
"29190000","0.99"
"29211000","0.992"
"29232000","1"
"29253000","0.966"
"29274000","0.974"
"29295000","0.99"
"29316000","0.988"
"29337000","0.99"
"29358000","0.99"
"29379000","0.988"
"29400000","0.994"
"29421000","1"
"29442000","0.988"
"29463000","0.99"
"29484000","1"
"29505000","0.966"
"29526000","0.986"
"29547000","0.98"
"29568000","0.99"
"29589000","0.984"
"29610000","0.996"
"29631000","0.978"
"29652000","0.984"
"29673000","0.984"
"29694000","0.974"
"29715000","0.994"
"29736000","1"
"29757000","0.98"
"29778000","0.972"
"29799000","1"
"29820000","0.972"
"29841000","0.98"
"29862000","0.974"
"29883000","0.988"
"29904000","0.982"
"29925000","0.972"
"29946000","0.97"
"29967000","0.958"
"29988000","0.978"
"30009000","0.988"
"30030000","0.96"
"30051000","1"
"30072000","0.98"
"30093000","0.99"
"30114000","0.994"
"30135000","0.96"
"30156000","0.98"
"30177000","0.99"
"30198000","0.964"
"30219000","1"
"30240000","0.972"
"30261000","1"
"30282000","0.986"
"30303000","0.976"
"30324000","1"
"30345000","1"
"30366000","1"
"30387000","0.982"
"30408000","0.966"
"30429000","0.98"
"30450000","1"
"30471000","0.998"
"30492000","1"
"30513000","0.99"
"30534000","1"
"30555000","0.98"
"30576000","0.982"
"30597000","0.994"
"30618000","0.966"
"30639000","0.99"
"30660000","1"
"30681000","0.968"
"30702000","0.972"
"30723000","1"
"30744000","1"
"30765000","1"
"30786000","0.99"
"30807000","0.984"
"30828000","0.99"
"30849000","0.994"
"30870000","0.978"
"30891000","0.998"
"30912000","0.998"
"30933000","0.99"
"30954000","0.986"
"30975000","0.994"
"30996000","1"
"31017000","0.99"
"31038000","0.994"
"31059000","0.99"
"31080000","0.982"
"31101000","0.99"
"31122000","1"
"31143000","0.986"
"31164000","1"
"31185000","0.99"
"31206000","0.98"
"31227000","0.96"
"31248000","0.996"
"31269000","0.998"
"31290000","0.984"
"31311000","0.98"
"31332000","1"
"31353000","0.97"
"31374000","0.99"
"31395000","0.98"
"31416000","0.998"
"31437000","0.998"
"31458000","0.988"
"31479000","0.986"
"31500000","0.996"
"31521000","1"
"31542000","0.99"
"31563000","1"
"31584000","0.98"
"31605000","0.986"
"31626000","0.99"
"31647000","0.99"
"31668000","0.992"
"31689000","0.99"
"31710000","0.99"
"31731000","0.98"
"31752000","0.97"
"31773000","1"
"31794000","0.986"
"31815000","1"
"31836000","0.996"
"31857000","1"
"31878000","0.988"
"31899000","0.984"
"31920000","0.982"
"31941000","0.98"
"31962000","1"
"31983000","0.99"
"32004000","0.99"
"32025000","1"
"32046000","0.99"
"32067000","0.99"
"32088000","0.99"
"32109000","0.974"
"32130000","0.966"
"32151000","0.998"
"32172000","0.984"
"32193000","0.994"
"32214000","1"
"32235000","0.984"
"32256000","0.996"
"32277000","0.994"
"32298000","0.968"
"32319000","0.98"
"32340000","0.992"
"32361000","0.984"
"32382000","0.976"
"32403000","0.982"
"32424000","0.974"
"32445000","0.946"
"32466000","1"
"32487000","0.976"
"32508000","0.976"
"32529000","0.974"
"32550000","0.96"
"32571000","0.962"
"32592000","0.992"
"32613000","0.98"
"32634000","0.982"
"32655000","0.986"
"32676000","0.984"
"32697000","0.972"
"32718000","0.97"
"32739000","0.934"
"32760000","0.966"
"32781000","0.982"
"32802000","0.972"
"32823000","0.99"
"32844000","0.978"
"32865000","0.984"
"32886000","0.984"
"32907000","0.99"
"32928000","0.996"
"32949000","0.996"
"32970000","0.996"
"32991000","0.99"
"33012000","0.99"
"33033000","0.986"
"33054000","0.978"
"33075000","0.988"
"33096000","0.962"
"33117000","0.964"
"33138000","0.97"
"33159000","0.986"
"33180000","0.976"
"33201000","0.992"
"33222000","0.98"
"33243000","0.99"
"33264000","0.982"
"33285000","0.99"
"33306000","0.99"
"33327000","0.98"
"33348000","0.976"
"33369000","0.98"
"33390000","0.98"
"33411000","0.99"
"33432000","0.966"
"33453000","0.98"
"33474000","0.956"
"33495000","1"
"33516000","1"
"33537000","0.99"
"33558000","0.99"
"33579000","0.994"
"33600000","0.998"
"33621000","0.982"
"33642000","0.976"
"33663000","0.974"
"33684000","0.99"
"33705000","0.988"
"33726000","0.98"
"33747000","1"
"33768000","1"
"33789000","1"
"33810000","1"
"33831000","1"
"33852000","0.994"
"33873000","0.99"
"33894000","0.988"
"33915000","0.99"
"33936000","0.98"
"33957000","0.998"
"33978000","0.996"
"33999000","0.97"
"34020000","0.99"
"34041000","0.974"
"34062000","0.966"
"34083000","0.986"
"34104000","0.966"
"34125000","0.972"
"34146000","0.986"
"34167000","0.99"
"34188000","0.988"
"34209000","0.986"
"34230000","1"
"34251000","1"
"34272000","0.986"
"34293000","0.97"
"34314000","1"
"34335000","0.984"
"34356000","0.998"
"34377000","0.968"
"34398000","0.976"
"34419000","0.98"
"34440000","0.98"
"34461000","1"
"34482000","0.996"
"34503000","0.99"
"34524000","0.97"
"34545000","0.99"
"34566000","0.99"
"34587000","0.99"
"34608000","0.98"
"34629000","0.976"
"34650000","0.996"
"34671000","0.99"
"34692000","1"
"34713000","0.998"
"34734000","0.99"
"34755000","0.99"
"34776000","0.99"
"34797000","0.994"
"34818000","0.978"
"34839000","0.99"
"34860000","1"
"34881000","0.958"
"34902000","0.978"
"34923000","0.978"
"34944000","0.98"
"34965000","0.99"
"34986000","0.976"
"35007000","1"
"35028000","0.99"
"35049000","1"
"35070000","0.966"
"35091000","0.968"
"35112000","0.986"
"35133000","0.986"
"35154000","0.97"
"35175000","1"
"35196000","0.99"
"35217000","0.998"
"35238000","0.99"
"35259000","0.98"
"35280000","0.98"
"35301000","0.99"
"35322000","0.99"
"35343000","0.99"
"35364000","0.992"
"35385000","1"
"35406000","0.988"
"35427000","0.99"
"35448000","0.998"
"35469000","1"
"35490000","0.972"
"35511000","1"
"35532000","0.996"
"35553000","0.974"
"35574000","0.978"
"35595000","0.97"
"35616000","0.972"
"35637000","0.97"
"35658000","0.984"
"35679000","0.998"
"35700000","0.954"
"35721000","0.98"
"35742000","0.952"
"35763000","1"
"35784000","1"
"35805000","0.956"
"35826000","0.98"
"35847000","0.98"
"35868000","0.96"
"35889000","1"
"35910000","0.99"
"35931000","0.99"
"35952000","0.984"
"35973000","0.956"
"35994000","0.97"
"36015000","0.97"
"36036000","0.958"
"36057000","0.984"
"36078000","0.94"
"36099000","0.996"
"36120000","0.994"
"36141000","0.98"
"36162000","0.98"
"36183000","0.994"
"36204000","1"
"36225000","0.988"
"36246000","0.988"
"36267000","0.97"
"36288000","0.98"
"36309000","0.966"
"36330000","1"
"36351000","0.96"
"36372000","0.996"
"36393000","1"
"36414000","0.994"
"36435000","0.992"
"36456000","0.956"
"36477000","0.978"
"36498000","0.952"
"36519000","0.972"
"36540000","0.978"
"36561000","0.99"
"36582000","0.98"
"36603000","0.98"
"36624000","0.96"
"36645000","0.962"
"36666000","0.99"
"36687000","0.99"
"36708000","1"
"36729000","0.994"
"36750000","0.976"
"36771000","0.97"
"36792000","0.984"
"36813000","0.99"
"36834000","0.962"
"36855000","1"
"36876000","1"
"36897000","0.972"
"36918000","0.99"
"36939000","0.978"
"36960000","1"
"36981000","0.942"
"37002000","0.99"
"37023000","0.98"
"37044000","0.984"
"37065000","1"
"37086000","0.964"
"37107000","0.994"
"37128000","0.98"
"37149000","0.98"
"37170000","0.988"
"37191000","0.984"
"37212000","0.99"
"37233000","0.99"
"37254000","0.97"
"37275000","0.99"
"37296000","0.982"
"37317000","0.99"
"37338000","0.998"
"37359000","0.964"
"37380000","0.978"
"37401000","0.98"
"37422000","0.99"
"37443000","0.986"
"37464000","0.97"
"37485000","0.96"
"37506000","0.98"
"37527000","1"
"37548000","0.982"
"37569000","0.988"
"37590000","0.98"
"37611000","0.97"
"37632000","0.96"
"37653000","0.972"
"37674000","0.97"
"37695000","0.97"
"37716000","0.95"
"37737000","0.98"
"37758000","0.96"
"37779000","0.994"
"37800000","0.984"
"37821000","0.966"
"37842000","0.99"
"37863000","0.99"
"37884000","0.98"
"37905000","0.954"
"37926000","0.98"
"37947000","0.99"
"37968000","0.986"
"37989000","0.96"
"38010000","1"
"38031000","0.97"
"38052000","0.998"
"38073000","1"
"38094000","0.99"
"38115000","0.99"
"38136000","0.99"
"38157000","0.966"
"38178000","0.962"
"38199000","0.972"
"38220000","0.988"
"38241000","0.98"
"38262000","0.968"
"38283000","0.988"
"38304000","0.986"
"38325000","1"
"38346000","0.978"
"38367000","0.986"
"38388000","0.97"
"38409000","0.99"
"38430000","0.98"
"38451000","0.984"
"38472000","0.982"
"38493000","0.972"
"38514000","0.992"
"38535000","0.99"
"38556000","0.994"
"38577000","0.982"
"38598000","0.948"
"38619000","0.956"
"38640000","0.99"
"38661000","0.986"
"38682000","0.97"
"38703000","0.99"
"38724000","0.968"
"38745000","0.97"
"38766000","0.996"
"38787000","0.982"
"38808000","0.99"
"38829000","0.99"
"38850000","0.976"
"38871000","1"
"38892000","0.98"
"38913000","0.988"
"38934000","1"
"38955000","0.98"
"38976000","0.98"
"38997000","0.964"
"39018000","0.986"
"39039000","0.992"
"39060000","1"
"39081000","0.99"
"39102000","0.986"
"39123000","1"
"39144000","0.984"
"39165000","0.98"
"39186000","0.98"
"39207000","0.97"
"39228000","0.99"
"39249000","0.988"
"39270000","0.962"
"39291000","0.99"
"39312000","0.988"
"39333000","0.978"
"39354000","0.99"
"39375000","0.996"
"39396000","0.998"
"39417000","0.998"
"39438000","0.98"
"39459000","0.97"
"39480000","1"
"39501000","1"
"39522000","0.978"
"39543000","1"
"39564000","0.994"
"39585000","1"
"39606000","0.994"
"39627000","0.97"
"39648000","0.95"
"39669000","0.99"
"39690000","0.976"
"39711000","0.98"
"39732000","0.982"
"39753000","0.972"
"39774000","0.986"
"39795000","0.988"
"39816000","0.98"
"39837000","0.974"
"39858000","0.984"
"39879000","0.99"
"39900000","0.978"
"39921000","0.996"
"39942000","0.966"
"39963000","0.986"
"39984000","1"
"40005000","0.964"
"40026000","0.976"
"40047000","0.976"
"40068000","0.996"
"40089000","0.98"
"40110000","0.98"
"40131000","1"
"40152000","0.986"
"40173000","1"
"40194000","1"
"40215000","0.988"
"40236000","0.99"
"40257000","0.964"
"40278000","0.97"
"40299000","0.99"
"40320000","0.988"
"40341000","0.98"
"40362000","0.978"
"40383000","0.994"
"40404000","1"
"40425000","0.99"
"40446000","0.98"
"40467000","1"
"40488000","0.992"
"40509000","0.986"
"40530000","0.98"
"40551000","0.984"
"40572000","0.99"
"40593000","0.996"
"40614000","0.99"
"40635000","0.974"
"40656000","0.98"
"40677000","0.99"
"40698000","0.996"
"40719000","0.956"
"40740000","0.988"
"40761000","0.976"
"40782000","0.996"
"40803000","0.976"
"40824000","0.98"
"40845000","1"
"40866000","0.98"
"40887000","0.988"
"40908000","0.98"
"40929000","0.99"
"40950000","0.994"
"40971000","1"
"40992000","1"
"41013000","0.98"
"41034000","0.956"
"41055000","0.98"
"41076000","0.974"
"41097000","0.996"
"41118000","0.998"
"41139000","0.99"
"41160000","0.996"
"41181000","0.98"
"41202000","0.984"
"41223000","0.97"
"41244000","0.996"
"41265000","0.996"
"41286000","0.984"
"41307000","0.98"
"41328000","0.966"
"41349000","0.972"
"41370000","0.996"
"41391000","0.99"
"41412000","0.99"
"41433000","0.99"
"41454000","0.978"
"41475000","0.968"
"41496000","0.99"
"41517000","1"
"41538000","0.99"
"41559000","0.996"
"41580000","0.988"
"41601000","0.994"
"41622000","1"
"41643000","0.97"
"41664000","0.992"
"41685000","0.966"
"41706000","0.998"
"41727000","0.97"
"41748000","0.976"
"41769000","0.98"
"41790000","0.98"
"41811000","0.994"
"41832000","0.998"
"41853000","1"
"41874000","0.98"
"41895000","0.98"
"41916000","0.992"
"41937000","0.99"
"41958000","0.942"
"41979000","0.974"
"42000000","0.99"
"42021000","0.984"
"42042000","0.986"
"42063000","1"
"42084000","0.964"
"42105000","0.982"
"42126000","0.996"
"42147000","0.952"
"42168000","0.97"
"42189000","1"
"42210000","1"
"42231000","0.99"
"42252000","0.99"
"42273000","0.99"
"42294000","0.998"
"42315000","0.962"
"42336000","0.966"
"42357000","0.998"
"42378000","0.99"
"42399000","0.976"
"42420000","0.99"
"42441000","0.998"
"42462000","0.952"
"42483000","0.992"
"42504000","1"
"42525000","0.986"
"42546000","0.96"
"42567000","0.964"
"42588000","0.966"
"42609000","0.986"
"42630000","0.972"
"42651000","0.976"
"42672000","0.974"
"42693000","0.99"
"42714000","0.97"
"42735000","0.99"
"42756000","0.99"
"42777000","1"
"42798000","0.98"
"42819000","1"
"42840000","0.99"
"42861000","0.99"
"42882000","0.986"
"42903000","0.96"
"42924000","1"
"42945000","0.98"
"42966000","1"
"42987000","0.98"
"43008000","0.99"
"43029000","0.986"
"43050000","0.99"
"43071000","0.968"
"43092000","0.964"
"43113000","0.974"
"43134000","0.968"
"43155000","0.99"
"43176000","0.982"
"43197000","0.976"
"43218000","1"
"43239000","0.992"
"43260000","0.958"
"43281000","0.974"
"43302000","0.97"
"43323000","0.982"
"43344000","0.99"
"43365000","0.986"
"43386000","0.964"
"43407000","0.958"
"43428000","0.99"
"43449000","0.98"
"43470000","0.97"
"43491000","0.99"
"43512000","0.99"
"43533000","0.97"
"43554000","0.952"
"43575000","0.97"
"43596000","0.964"
"43617000","0.97"
"43638000","0.998"
"43659000","0.988"
"43680000","0.986"
"43701000","0.95"
"43722000","0.98"
"43743000","0.954"
"43764000","0.98"
"43785000","0.99"
"43806000","0.962"
"43827000","0.966"
"43848000","0.97"
"43869000","0.96"
"43890000","0.954"
"43911000","1"
"43932000","0.996"
"43953000","0.99"
"43974000","0.976"
"43995000","0.98"
"44016000","0.962"
"44037000","0.96"
"44058000","0.972"
"44079000","0.986"
"44100000","0.974"
"44121000","0.986"
"44142000","0.97"
"44163000","0.99"
"44184000","0.97"
"44205000","0.96"
"44226000","0.988"
"44247000","0.97"
"44268000","0.994"
"44289000","0.98"
"44310000","0.976"
"44331000","0.984"
"44352000","0.98"
"44373000","0.968"
"44394000","0.982"
"44415000","0.99"
"44436000","0.986"
"44457000","0.99"
"44478000","0.972"
"44499000","0.984"
"44520000","0.994"
"44541000","0.974"
"44562000","0.98"
"44583000","0.968"
"44604000","1"
"44625000","0.992"
"44646000","0.974"
"44667000","0.984"
"44688000","0.988"
"44709000","0.932"
"44730000","1"
"44751000","0.99"
"44772000","0.962"
"44793000","0.98"
"44814000","0.97"
"44835000","0.962"
"44856000","0.986"
"44877000","0.986"
"44898000","0.958"
"44919000","0.986"
"44940000","0.97"
"44961000","0.98"
"44982000","0.928"
"45003000","0.99"
"45024000","0.98"
"45045000","0.946"
"45066000","0.99"
"45087000","0.98"
"45108000","0.972"
"45129000","0.976"
"45150000","0.98"
"45171000","0.966"
"45192000","0.96"
"45213000","0.99"
"45234000","0.994"
"45255000","0.99"
"45276000","0.934"
"45297000","0.984"
"45318000","0.99"
"45339000","0.99"
"45360000","0.98"
"45381000","0.974"
"45402000","0.996"
"45423000","0.96"
"45444000","0.95"
"45465000","0.994"
"45486000","0.98"
"45507000","1"
"45528000","0.99"
"45549000","0.984"
"45570000","0.978"
"45591000","0.994"
"45612000","0.972"
"45633000","0.976"
"45654000","0.964"
"45675000","0.958"
"45696000","0.96"
"45717000","0.986"
"45738000","0.97"
"45759000","0.98"
"45780000","1"
"45801000","0.986"
"45822000","0.978"
"45843000","0.978"
"45864000","0.984"
"45885000","0.986"
"45906000","0.956"
"45927000","0.99"
"45948000","0.97"
"45969000","0.98"
"45990000","0.99"
"46011000","0.95"
"46032000","1"
"46053000","0.99"
"46074000","0.988"
"46095000","0.97"
"46116000","1"
"46137000","0.98"
"46158000","0.95"
"46179000","0.992"
"46200000","1"
"46221000","0.99"
"46242000","1"
"46263000","0.968"
"46284000","0.996"
"46305000","0.932"
"46326000","0.986"
"46347000","0.99"
"46368000","0.99"
"46389000","0.978"
"46410000","0.962"
"46431000","0.982"
"46452000","1"
"46473000","0.986"
"46494000","0.98"
"46515000","0.982"
"46536000","0.968"
"46557000","0.982"
"46578000","0.984"
"46599000","0.998"
"46620000","0.99"
"46641000","0.968"
"46662000","0.99"
"46683000","0.99"
"46704000","1"
"46725000","0.99"
"46746000","0.994"
"46767000","0.98"
"46788000","1"
"46809000","0.992"
"46830000","0.988"
"46851000","0.984"
"46872000","0.97"
"46893000","0.962"
"46914000","0.96"
"46935000","1"
"46956000","0.986"
"46977000","0.988"
"46998000","0.98"
"47019000","1"
"47040000","0.99"
"47061000","0.978"
"47082000","0.99"
"47103000","0.97"
"47124000","0.966"
"47145000","0.97"
"47166000","0.972"
"47187000","0.982"
"47208000","1"
"47229000","0.98"
"47250000","0.99"
"47271000","0.99"
"47292000","0.986"
"47313000","1"
"47334000","0.996"
"47355000","1"
"47376000","0.988"
"47397000","0.99"
"47418000","1"
"47439000","0.998"
"47460000","0.996"
"47481000","1"
"47502000","1"
"47523000","0.994"
"47544000","0.98"
"47565000","1"
"47586000","1"
"47607000","0.99"
"47628000","0.994"
"47649000","1"
"47670000","1"
"47691000","1"
"47712000","0.98"
"47733000","0.99"
"47754000","0.988"
"47775000","0.986"
"47796000","1"
"47817000","0.99"
"47838000","1"
"47859000","0.99"
"47880000","0.99"
"47901000","1"
"47922000","0.98"
"47943000","0.996"
"47964000","0.98"
"47985000","0.98"
"48006000","0.99"
"48027000","0.98"
"48048000","0.998"
"48069000","0.996"
"48090000","0.97"
"48111000","0.98"
"48132000","1"
"48153000","1"
"48174000","0.99"
"48195000","1"
"48216000","1"
"48237000","1"
"48258000","1"
"48279000","1"
"48300000","0.99"
"48321000","0.986"
"48342000","0.996"
"48363000","0.972"
"48384000","0.994"
"48405000","1"
"48426000","0.99"
"48447000","0.98"
"48468000","0.97"
"48489000","0.988"
"48510000","1"
"48531000","1"
"48552000","1"
"48573000","0.976"
"48594000","0.984"
"48615000","0.988"
"48636000","0.99"
"48657000","0.994"
"48678000","0.988"
"48699000","1"
"48720000","1"
"48741000","0.994"
"48762000","1"
"48783000","0.988"
"48804000","0.98"
"48825000","0.974"
"48846000","1"
"48867000","0.99"
"48888000","0.998"
"48909000","0.992"
"48930000","0.998"
"48951000","0.994"
"48972000","0.99"
"48993000","1"
"49014000","0.996"
"49035000","0.97"
"49056000","0.99"
"49077000","0.99"
"49098000","1"
"49119000","0.984"
"49140000","1"
"49161000","0.998"
"49182000","1"
"49203000","0.978"
"49224000","0.99"
"49245000","0.994"
"49266000","0.984"
"49287000","0.982"
"49308000","0.962"
"49329000","0.996"
"49350000","0.984"
"49371000","0.98"
"49392000","0.99"
"49413000","0.996"
"49434000","0.986"
"49455000","1"
"49476000","1"
"49497000","0.992"
"49518000","0.984"
"49539000","1"
"49560000","1"
"49581000","0.99"
"49602000","0.99"
"49623000","1"
"49644000","1"
"49665000","1"
"49686000","1"
"49707000","0.984"
"49728000","1"
"49749000","0.982"
"49770000","0.99"
"49791000","1"
"49812000","0.994"
"49833000","0.996"
"49854000","0.982"
"49875000","1"
"49896000","0.98"
"49917000","1"
"49938000","1"
"49959000","0.99"
"49980000","0.992"
"50001000","0.986"
"50022000","1"
"50043000","0.986"
"50064000","1"
"50085000","0.996"
"50106000","1"
"50127000","1"
"50148000","0.99"
"50169000","0.99"
"50190000","0.992"
"50211000","0.98"
"50232000","0.99"
"50253000","0.994"
"50274000","0.992"
"50295000","0.99"
"50316000","0.97"
"50337000","1"
"50358000","0.984"
"50379000","1"
"50400000","1"
"50421000","1"
"50442000","1"
"50463000","1"
"50484000","1"
"50505000","0.99"
"50526000","0.992"
"50547000","0.992"
"50568000","1"
"50589000","0.99"
"50610000","0.988"
"50631000","0.99"
"50652000","0.994"
"50673000","0.988"
"50694000","0.988"
"50715000","0.998"
"50736000","1"
"50757000","1"
"50778000","0.978"
"50799000","1"
"50820000","1"
"50841000","1"
"50862000","0.99"
"50883000","0.97"
"50904000","1"
"50925000","0.99"
"50946000","0.998"
"50967000","0.998"
"50988000","1"
"51009000","0.996"
"51030000","1"
"51051000","0.99"
"51072000","1"
"51093000","0.99"
"51114000","0.98"
"51135000","1"
"51156000","0.994"
"51177000","0.994"
"51198000","0.998"
"51219000","0.98"
"51240000","0.97"
"51261000","1"
"51282000","0.998"
"51303000","1"
"51324000","1"
"51345000","0.996"
"51366000","0.99"
"51387000","1"
"51408000","1"
"51429000","1"
"51450000","1"
"51471000","1"
"51492000","0.99"
"51513000","1"
"51534000","0.99"
"51555000","1"
"51576000","0.986"
"51597000","1"
"51618000","1"
"51639000","0.99"
"51660000","0.99"
"51681000","0.974"
"51702000","0.99"
"51723000","0.99"
"51744000","0.962"
"51765000","1"
"51786000","0.978"
"51807000","1"
"51828000","0.98"
"51849000","1"
"51870000","1"
"51891000","1"
"51912000","0.968"
"51933000","0.98"
"51954000","0.996"
"51975000","1"
"51996000","0.992"
"52017000","0.98"
"52038000","0.99"
"52059000","0.994"
"52080000","0.99"
"52101000","0.99"
"52122000","0.99"
"52143000","0.992"
"52164000","0.99"
"52185000","0.974"
"52206000","1"
"52227000","0.99"
"52248000","1"
"52269000","1"
"52290000","1"
"52311000","0.986"
"52332000","0.968"
"52353000","1"
"52374000","1"
"52395000","0.98"
"52416000","1"
"52437000","1"
"52458000","0.99"
"52479000","0.986"
"52500000","0.99"
"52521000","1"
"52542000","1"
"52563000","1"
"52584000","0.986"
"52605000","1"
"52626000","0.99"
"52647000","0.994"
"52668000","1"
"52689000","0.99"
"52710000","0.99"
"52731000","0.984"
"52752000","0.986"
"52773000","0.996"
"52794000","0.98"
"52815000","1"
"52836000","0.988"
"52857000","0.98"
"52878000","1"
"52899000","0.998"
"52920000","1"
"52941000","1"
"52962000","0.99"
"52983000","0.99"
"53004000","0.998"
"53025000","0.992"
"53046000","0.99"
"53067000","1"
"53088000","0.996"
"53109000","0.986"
"53130000","1"
"53151000","0.99"
"53172000","0.996"
"53193000","0.996"
"53214000","0.984"
"53235000","0.978"
"53256000","0.99"
"53277000","0.99"
"53298000","1"
"53319000","0.988"
"53340000","0.99"
"53361000","0.988"
"53382000","0.998"
"53403000","0.98"
"53424000","0.99"
"53445000","0.974"
"53466000","0.976"
"53487000","1"
"53508000","0.994"
"53529000","0.986"
"53550000","0.988"
"53571000","1"
"53592000","0.986"
"53613000","0.998"
"53634000","1"
"53655000","1"
"53676000","0.99"
"53697000","1"
"53718000","0.98"
"53739000","0.986"
"53760000","0.992"
"53781000","0.984"
"53802000","0.978"
"53823000","0.994"
"53844000","1"
"53865000","0.97"
"53886000","0.98"
"53907000","0.996"
"53928000","1"
"53949000","0.986"
"53970000","0.99"
"53991000","0.998"
"54012000","1"
"54033000","0.988"
"54054000","0.99"
"54075000","0.986"
"54096000","0.972"
"54117000","1"
"54138000","0.996"
"54159000","1"
"54180000","1"
"54201000","0.994"
"54222000","1"
"54243000","1"
"54264000","1"
"54285000","1"
"54306000","0.99"
"54327000","0.98"
"54348000","1"
"54369000","0.964"
"54390000","0.99"
"54411000","0.974"
"54432000","1"
"54453000","1"
"54474000","0.986"
"54495000","1"
"54516000","0.98"
"54537000","0.996"
"54558000","0.994"
"54579000","0.984"
"54600000","0.994"
"54621000","0.98"
"54642000","0.972"
"54663000","0.97"
"54684000","1"
"54705000","0.99"
"54726000","0.99"
"54747000","0.994"
"54768000","1"
"54789000","0.99"
"54810000","0.994"
"54831000","1"
"54852000","0.996"
"54873000","0.98"
"54894000","1"
"54915000","1"
"54936000","0.99"
"54957000","1"
"54978000","1"
"54999000","0.96"
"55020000","0.99"
"55041000","1"
"55062000","0.99"
"55083000","0.982"
"55104000","0.99"
"55125000","0.992"
"55146000","1"
"55167000","0.99"
"55188000","0.99"
"55209000","1"
"55230000","0.986"
"55251000","0.99"
"55272000","1"
"55293000","0.978"
"55314000","0.99"
"55335000","1"
"55356000","0.99"
"55377000","0.99"
"55398000","0.99"
"55419000","1"
"55440000","0.992"
"55461000","1"
"55482000","0.982"
"55503000","0.988"
"55524000","0.996"
"55545000","0.98"
"55566000","0.99"
"55587000","1"
"55608000","1"
"55629000","0.958"
"55650000","0.99"
"55671000","0.994"
"55692000","0.998"
"55713000","0.99"
"55734000","0.992"
"55755000","0.98"
"55776000","0.97"
"55797000","0.99"
"55818000","0.988"
"55839000","0.996"
"55860000","0.994"
"55881000","0.982"
"55902000","0.972"
"55923000","0.99"
"55944000","0.99"
"55965000","0.992"
"55986000","1"
"56007000","1"
"56028000","0.986"
"56049000","0.99"
"56070000","0.998"
"56091000","0.99"
"56112000","1"
"56133000","0.99"
"56154000","0.98"
"56175000","1"
"56196000","0.98"
"56217000","0.98"
"56238000","1"
"56259000","1"
"56280000","0.996"
"56301000","1"
"56322000","0.988"
"56343000","0.99"
"56364000","0.996"
"56385000","1"
"56406000","0.998"
"56427000","1"
"56448000","0.998"
"56469000","1"
"56490000","0.99"
"56511000","0.998"
"56532000","0.966"
"56553000","1"
"56574000","1"
"56595000","0.988"
"56616000","0.98"
"56637000","0.99"
"56658000","0.99"
"56679000","0.972"
"56700000","0.984"
"56721000","0.998"
"56742000","1"
"56763000","0.98"
"56784000","0.98"
"56805000","0.98"
"56826000","0.99"
"56847000","1"
"56868000","0.992"
"56889000","0.99"
"56910000","0.98"
"56931000","1"
"56952000","1"
"56973000","0.998"
"56994000","0.97"
"57015000","0.996"
"57036000","1"
"57057000","1"
"57078000","0.99"
"57099000","1"
"57120000","1"
"57141000","0.99"
"57162000","0.996"
"57183000","1"
"57204000","0.95"
"57225000","0.998"
"57246000","0.972"
"57267000","1"
"57288000","1"
"57309000","0.996"
"57330000","0.998"
"57351000","0.99"
"57372000","1"
"57393000","1"
"57414000","0.97"
"57435000","0.99"
"57456000","1"
"57477000","0.98"
"57498000","1"
"57519000","0.992"
"57540000","1"
"57561000","1"
"57582000","0.99"
"57603000","0.99"
"57624000","0.984"
"57645000","0.98"
"57666000","0.998"
"57687000","0.992"
"57708000","1"
"57729000","1"
"57750000","0.988"
"57771000","0.99"
"57792000","1"
"57813000","0.98"
"57834000","0.994"
"57855000","0.988"
"57876000","0.98"
"57897000","0.99"
"57918000","0.97"
"57939000","0.98"
"57960000","1"
"57981000","0.99"
"58002000","0.99"
"58023000","1"
"58044000","0.99"
"58065000","0.986"
"58086000","0.956"
"58107000","0.99"
"58128000","0.99"
"58149000","0.98"
"58170000","0.99"
"58191000","0.99"
"58212000","0.99"
"58233000","1"
"58254000","0.97"
"58275000","1"
"58296000","0.986"
"58317000","0.986"
"58338000","1"
"58359000","0.98"
"58380000","0.998"
"58401000","0.98"
"58422000","0.992"
"58443000","1"
"58464000","1"
"58485000","0.976"
"58506000","1"
"58527000","0.996"
"58548000","1"
"58569000","0.99"
"58590000","1"
"58611000","0.99"
"58632000","0.99"
"58653000","1"
"58674000","0.984"
"58695000","0.99"
"58716000","1"
"58737000","0.98"
"58758000","0.99"
"58779000","0.984"
"58800000","0.976"
"58821000","0.992"
"58842000","0.99"
"58863000","0.99"
"58884000","0.99"
"58905000","0.976"
"58926000","0.99"
"58947000","1"
"58968000","0.986"
"58989000","0.992"
"59010000","0.98"
"59031000","0.986"
"59052000","0.984"
"59073000","0.988"
"59094000","0.996"
"59115000","0.984"
"59136000","0.972"
"59157000","0.99"
"59178000","1"
"59199000","0.988"
"59220000","0.99"
"59241000","0.98"
"59262000","0.99"
"59283000","0.99"
"59304000","0.99"
"59325000","0.98"
"59346000","0.998"
"59367000","0.97"
"59388000","1"
"59409000","0.99"
"59430000","0.99"
"59451000","0.99"
"59472000","0.99"
"59493000","0.99"
"59514000","0.99"
"59535000","0.996"
"59556000","0.99"
"59577000","0.99"
"59598000","0.97"
"59619000","0.99"
"59640000","0.982"
"59661000","0.988"
"59682000","0.99"
"59703000","0.974"
"59724000","0.98"
"59745000","0.996"
"59766000","1"
"59787000","0.95"
"59808000","0.986"
"59829000","0.986"
"59850000","1"
"59871000","0.992"
"59892000","0.99"
"59913000","0.998"
"59934000","0.99"
"59955000","0.98"
"59976000","0.97"
"59997000","0.976"
"60018000","0.998"
"60039000","1"
"60060000","0.98"
"60081000","0.972"
"60102000","1"
"60123000","1"
"60144000","0.998"
"60165000","0.99"
"60186000","0.98"
"60207000","1"
"60228000","0.99"
"60249000","0.97"
"60270000","1"
"60291000","0.99"
"60312000","1"
"60333000","0.99"
"60354000","0.98"
"60375000","0.994"
"60396000","0.98"
"60417000","0.99"
"60438000","0.99"
"60459000","1"
"60480000","0.99"
"60501000","0.996"
"60522000","1"
"60543000","1"
"60564000","1"
"60585000","0.996"
"60606000","1"
"60627000","0.99"
"60648000","0.96"
"60669000","0.99"
"60690000","0.98"
"60711000","0.99"
"60732000","1"
"60753000","0.99"
"60774000","1"
"60795000","1"
"60816000","1"
"60837000","1"
"60858000","0.99"
"60879000","1"
"60900000","0.99"
"60921000","0.97"
"60942000","1"
"60963000","0.99"
"60984000","0.99"
"61005000","1"
"61026000","1"
"61047000","0.978"
"61068000","0.998"
"61089000","1"
"61110000","1"
"61131000","0.992"
"61152000","0.99"
"61173000","0.976"
"61194000","0.992"
"61215000","1"
"61236000","0.99"
"61257000","1"
"61278000","0.992"
"61299000","0.994"
"61320000","1"
"61341000","0.992"
"61362000","0.996"
"61383000","0.99"
"61404000","1"
"61425000","0.978"
"61446000","0.98"
"61467000","1"
"61488000","1"
"61509000","1"
"61530000","0.99"
"61551000","0.98"
"61572000","0.996"
"61593000","0.988"
"61614000","0.99"
"61635000","0.998"
"61656000","1"
"61677000","0.99"
"61698000","0.99"
"61719000","0.98"
"61740000","0.99"
"61761000","0.96"
"61782000","0.976"
"61803000","0.97"
"61824000","1"
"61845000","1"
"61866000","0.99"
"61887000","1"
"61908000","1"
"61929000","0.996"
"61950000","0.98"
"61971000","1"
"61992000","0.986"
"62013000","0.98"
"62034000","1"
"62055000","0.97"
"62076000","1"
"62097000","0.99"
"62118000","0.99"
"62139000","0.99"
"62160000","1"
"62181000","1"
"62202000","0.99"
"62223000","0.98"
"62244000","0.99"
"62265000","0.99"
"62286000","1"
"62307000","0.996"
"62328000","1"
"62349000","0.97"
"62370000","1"
"62391000","0.996"
"62412000","0.99"
"62433000","0.99"
"62454000","0.998"
"62475000","0.99"
"62496000","0.98"
"62517000","0.98"
"62538000","0.986"
"62559000","0.988"
"62580000","0.998"
"62601000","1"
"62622000","0.99"
"62643000","0.986"
"62664000","0.964"
"62685000","0.99"
"62706000","1"
"62727000","0.978"
"62748000","0.99"
"62769000","1"
"62790000","0.99"
"62811000","1"
"62832000","0.994"
"62853000","1"
"62874000","0.958"
"62895000","1"
"62916000","1"
"62937000","0.97"
"62958000","1"
"62979000","1"
"63000000","0.98"
"63021000","1"
"63042000","0.988"
"63063000","0.972"
"63084000","0.98"
"63105000","0.986"
"63126000","1"
"63147000","0.98"
"63168000","0.95"
"63189000","0.99"
"63210000","0.99"
"63231000","0.99"
"63252000","0.984"
"63273000","0.996"
"63294000","1"
"63315000","0.99"
"63336000","0.984"
"63357000","0.996"
"63378000","1"
"63399000","0.98"
"63420000","0.99"
"63441000","0.98"
"63462000","0.98"
"63483000","1"
"63504000","1"
"63525000","0.986"
"63546000","1"
"63567000","0.998"
"63588000","0.982"
"63609000","0.974"
"63630000","0.996"
"63651000","0.99"
"63672000","0.98"
"63693000","1"
"63714000","0.972"
"63735000","0.978"
"63756000","0.994"
"63777000","0.992"
"63798000","1"
"63819000","0.996"
"63840000","1"
"63861000","0.978"
"63882000","0.986"
"63903000","0.978"
"63924000","1"
"63945000","0.998"
"63966000","1"
"63987000","0.988"
"64008000","1"
"64029000","0.99"
"64050000","0.956"
"64071000","1"
"64092000","0.986"
"64113000","0.99"
"64134000","0.97"
"64155000","0.99"
"64176000","0.99"
"64197000","0.99"
"64218000","0.98"
"64239000","0.99"
"64260000","0.98"
"64281000","0.99"
"64302000","0.99"
"64323000","0.98"
"64344000","1"
"64365000","1"
"64386000","0.99"
"64407000","0.99"
"64428000","1"
"64449000","1"
"64470000","0.98"
"64491000","0.974"
"64512000","0.99"
"64533000","1"
"64554000","0.992"
"64575000","1"
"64596000","1"
"64617000","0.998"
"64638000","0.99"
"64659000","0.99"
"64680000","0.994"
"64701000","0.99"
"64722000","1"
"64743000","0.986"
"64764000","0.99"
"64785000","0.998"
"64806000","0.996"
"64827000","0.99"
"64848000","1"
"64869000","0.978"
"64890000","0.96"
"64911000","0.996"
"64932000","1"
"64953000","0.982"
"64974000","0.98"
"64995000","0.984"
"65016000","0.98"
"65037000","0.976"
"65058000","0.982"
"65079000","0.994"
"65100000","0.984"
"65121000","1"
"65142000","0.99"
"65163000","0.99"
"65184000","0.99"
"65205000","0.98"
"65226000","0.986"
"65247000","0.984"
"65268000","0.99"
"65289000","0.982"
"65310000","1"
"65331000","0.99"
"65352000","0.978"
"65373000","1"
"65394000","0.99"
"65415000","1"
"65436000","1"
"65457000","0.976"
"65478000","0.99"
"65499000","1"
"65520000","0.99"
"65541000","0.976"
"65562000","0.998"
"65583000","0.99"
"65604000","0.994"
"65625000","0.99"
"65646000","0.98"
"65667000","0.98"
"65688000","0.98"
"65709000","1"
"65730000","0.99"
"65751000","0.99"
"65772000","0.99"
"65793000","0.972"
"65814000","0.998"
"65835000","0.99"
"65856000","0.976"
"65877000","0.99"
"65898000","0.98"
"65919000","1"
"65940000","0.988"
"65961000","1"
"65982000","0.984"
"66003000","1"
"66024000","0.99"
"66045000","1"
"66066000","0.99"
"66087000","0.968"
"66108000","1"
"66129000","0.978"
"66150000","0.99"
"66171000","0.99"
"66192000","0.998"
"66213000","1"
"66234000","0.98"
"66255000","1"
"66276000","0.972"
"66297000","0.978"
"66318000","0.99"
"66339000","1"
"66360000","0.976"
"66381000","0.994"
"66402000","0.992"
"66423000","1"
"66444000","0.99"
"66465000","1"
"66486000","0.988"
"66507000","1"
"66528000","1"
"66549000","0.994"
"66570000","0.98"
"66591000","0.99"
"66612000","1"
"66633000","0.99"
"66654000","1"
"66675000","0.99"
"66696000","0.98"
"66717000","0.984"
"66738000","0.98"
"66759000","0.99"
"66780000","0.996"
"66801000","0.99"
"66822000","0.99"
"66843000","1"
"66864000","1"
"66885000","1"
"66906000","1"
"66927000","0.992"
"66948000","0.98"
"66969000","1"
"66990000","1"
"67011000","0.98"
"67032000","0.97"
"67053000","1"
"67074000","0.956"
"67095000","0.978"
"67116000","0.994"
"67137000","0.996"
"67158000","0.992"
"67179000","1"
"67200000","0.99"
"67221000","0.986"
"67242000","1"
"67263000","0.99"
"67284000","1"
"67305000","1"
"67326000","0.99"
"67347000","0.99"
"67368000","1"
"67389000","0.99"
"67410000","0.994"
"67431000","1"
"67452000","0.99"
"67473000","0.99"
"67494000","0.996"
"67515000","1"
"67536000","0.99"
"67557000","0.99"
"67578000","1"
"67599000","0.98"
"67620000","0.988"
"67641000","1"
"67662000","1"
"67683000","0.998"
"67704000","0.97"
"67725000","0.99"
"67746000","0.998"
"67767000","0.998"
"67788000","1"
"67809000","1"
"67830000","0.986"
"67851000","0.99"
"67872000","0.99"
"67893000","0.986"
"67914000","1"
"67935000","1"
"67956000","0.986"
"67977000","0.994"
"67998000","1"
"68019000","1"
"68040000","1"
"68061000","0.99"
"68082000","1"
"68103000","1"
"68124000","0.99"
"68145000","0.99"
"68166000","0.99"
"68187000","1"
"68208000","0.99"
"68229000","1"
"68250000","0.99"
"68271000","0.998"
"68292000","0.99"
"68313000","0.99"
"68334000","0.998"
"68355000","1"
"68376000","1"
"68397000","0.99"
"68418000","1"
"68439000","1"
"68460000","1"
"68481000","1"
"68502000","1"
"68523000","1"
"68544000","0.994"
"68565000","1"
"68586000","0.998"
"68607000","1"
"68628000","0.99"
"68649000","0.99"
"68670000","0.99"
"68691000","1"
"68712000","0.99"
"68733000","0.996"
"68754000","0.986"
"68775000","0.994"
"68796000","1"
"68817000","0.996"
"68838000","0.99"
"68859000","1"
"68880000","1"
"68901000","1"
"68922000","0.986"
"68943000","1"
"68964000","1"
"68985000","0.99"
"69006000","1"
"69027000","0.99"
"69048000","0.99"
"69069000","1"
"69090000","1"
"69111000","1"
"69132000","1"
"69153000","1"
"69174000","1"
"69195000","1"
"69216000","1"
"69237000","1"
"69258000","1"
"69279000","1"
"69300000","1"
"69321000","0.98"
"69342000","1"
"69363000","1"
"69384000","1"
"69405000","1"
"69426000","0.982"
"69447000","0.99"
"69468000","0.99"
"69489000","0.99"
"69510000","1"
"69531000","0.994"
"69552000","1"
"69573000","1"
"69594000","0.99"
"69615000","0.99"
"69636000","0.998"
"69657000","1"
"69678000","1"
"69699000","1"
"69720000","0.99"
"69741000","1"
"69762000","0.98"
"69783000","0.99"
"69804000","1"
"69825000","1"
"69846000","0.998"
"69867000","0.99"
"69888000","1"
"69909000","0.99"
"69930000","1"
"69951000","0.99"
"69972000","1"
"69993000","1"
"70014000","1"
"70035000","1"
"70056000","1"
"70077000","1"
"70098000","0.996"
"70119000","1"
"70140000","0.98"
"70161000","1"
"70182000","0.994"
"70203000","1"
"70224000","1"
"70245000","1"
"70266000","0.99"
"70287000","1"
"70308000","1"
"70329000","0.99"
"70350000","1"
"70371000","1"
"70392000","1"
"70413000","1"
"70434000","1"
"70455000","1"
"70476000","1"
"70497000","1"
"70518000","1"
"70539000","1"
"70560000","0.99"
"70581000","0.994"
"70602000","1"
"70623000","1"
"70644000","1"
"70665000","1"
"70686000","1"
"70707000","1"
"70728000","0.99"
"70749000","1"
"70770000","0.99"
"70791000","0.99"
"70812000","1"
"70833000","1"
"70854000","1"
"70875000","1"
"70896000","1"
"70917000","1"
"70938000","1"
"70959000","1"
"70980000","1"
"71001000","1"
"71022000","1"
"71043000","0.98"
"71064000","0.992"
"71085000","1"
"71106000","1"
"71127000","0.99"
"71148000","0.99"
"71169000","1"
"71190000","1"
"71211000","1"
"71232000","1"
"71253000","0.99"
"71274000","1"
"71295000","1"
"71316000","1"
"71337000","1"
"71358000","0.99"
"71379000","1"
"71400000","1"
"71421000","0.99"
"71442000","1"
"71463000","1"
"71484000","0.992"
"71505000","1"
"71526000","1"
"71547000","0.99"
"71568000","1"
"71589000","0.99"
"71610000","1"
"71631000","1"
"71652000","0.996"
"71673000","0.98"
"71694000","1"
"71715000","1"
"71736000","1"
"71757000","1"
"71778000","1"
"71799000","1"
"71820000","1"
"71841000","0.99"
"71862000","1"
"71883000","1"
"71904000","0.996"
"71925000","1"
"71946000","1"
"71967000","1"
"71988000","1"
"72009000","1"
"72030000","1"
"72051000","1"
"72072000","1"
"72093000","1"
"72114000","1"
"72135000","0.99"
"72156000","0.992"
"72177000","1"
"72198000","1"
"72219000","1"
"72240000","1"
"72261000","1"
"72282000","0.99"
"72303000","1"
"72324000","0.996"
"72345000","1"
"72366000","1"
"72387000","1"
"72408000","0.994"
"72429000","1"
"72450000","0.996"
"72471000","1"
"72492000","1"
"72513000","1"
"72534000","1"
"72555000","1"
"72576000","0.99"
"72597000","1"
"72618000","1"
"72639000","1"
"72660000","1"
"72681000","1"
"72702000","0.99"
"72723000","1"
"72744000","1"
"72765000","1"
"72786000","1"
"72807000","1"
"72828000","1"
"72849000","1"
"72870000","1"
"72891000","1"
"72912000","0.99"
"72933000","1"
"72954000","1"
"72975000","1"
"72996000","0.99"
"73017000","1"
"73038000","1"
"73059000","1"
"73080000","0.99"
"73101000","1"
"73122000","1"
"73143000","0.99"
"73164000","0.992"
"73185000","1"
"73206000","1"
"73227000","1"
"73248000","1"
"73269000","0.996"
"73290000","1"
"73311000","1"
"73332000","1"
"73353000","1"
"73374000","0.99"
"73395000","0.984"
"73416000","1"
"73437000","1"
"73458000","1"
"73479000","0.996"
"73500000","1"
"73521000","1"
"73542000","1"
"73563000","1"
"73584000","1"
"73605000","1"
"73626000","1"
"73647000","1"
"73668000","0.996"
"73689000","1"
"73710000","0.99"
"73731000","1"
"73752000","1"
"73773000","1"
"73794000","1"
"73815000","1"
"73836000","1"
"73857000","1"
"73878000","1"
"73899000","1"
"73920000","1"
"73941000","1"
"73962000","1"
"73983000","1"
"74004000","0.98"
"74025000","1"
"74046000","1"
"74067000","1"
"74088000","1"
"74109000","1"
"74130000","1"
"74151000","1"
"74172000","1"
"74193000","1"
"74214000","1"
"74235000","1"
"74256000","1"
"74277000","1"
"74298000","1"
"74319000","1"
"74340000","1"
"74361000","1"
"74382000","0.994"
"74403000","1"
"74424000","1"
"74445000","1"
"74466000","1"
"74487000","1"
"74508000","1"
"74529000","1"
"74550000","1"
"74571000","1"
"74592000","1"
"74613000","1"
"74634000","1"
"74655000","1"
"74676000","1"
"74697000","1"
"74718000","1"
"74739000","1"
"74760000","1"
"74781000","1"
"74802000","1"
"74823000","1"
"74844000","1"
"74865000","1"
"74886000","1"
"74907000","1"
"74928000","1"
"74949000","1"
"74970000","1"
"74991000","1"
"75012000","1"
"75033000","1"
"75054000","0.99"
"75075000","1"
"75096000","1"
"75117000","1"
"75138000","1"
"75159000","1"
"75180000","1"
"75201000","1"
"75222000","1"
"75243000","1"
"75264000","1"
"75285000","1"
"75306000","1"
"75327000","1"
"75348000","1"
"75369000","1"
"75390000","1"
"75411000","0.998"
"75432000","1"
"75453000","1"
"75474000","1"
"75495000","1"
"75516000","1"
"75537000","1"
"75558000","0.99"
"75579000","1"
"75600000","1"
"75621000","1"
"75642000","1"
"75663000","1"
"75684000","1"
"75705000","1"
"75726000","1"
"75747000","1"
"75768000","1"
"75789000","1"
"75810000","1"
"75831000","1"
"75852000","1"
"75873000","1"
"75894000","1"
"75915000","1"
"75936000","1"
"75957000","0.99"
"75978000","1"
"75999000","1"
"76020000","1"
"76041000","1"
"76062000","1"
"76083000","1"
"76104000","1"
"76125000","1"
"76146000","1"
"76167000","1"
"76188000","1"
"76209000","1"
"76230000","1"
"76251000","0.994"
"76272000","1"
"76293000","1"
"76314000","1"
"76335000","1"
"76356000","1"
"76377000","1"
"76398000","1"
"76419000","1"
"76440000","1"
"76461000","1"
"76482000","1"
"76503000","1"
"76524000","1"
"76545000","1"
"76566000","1"
"76587000","1"
"76608000","0.99"
"76629000","1"
"76650000","1"
"76671000","1"
"76692000","1"
"76713000","1"
"76734000","1"
"76755000","1"
"76776000","1"
"76797000","1"
"76818000","1"
"76839000","1"
"76860000","1"
"76881000","1"
"76902000","1"
"76923000","0.996"
"76944000","1"
"76965000","0.996"
"76986000","1"
"77007000","0.996"
"77028000","1"
"77049000","1"
"77070000","1"
"77091000","1"
"77112000","1"
"77133000","1"
"77154000","1"
"77175000","1"
"77196000","1"
"77217000","0.996"
"77238000","1"
"77259000","1"
"77280000","1"
"77301000","1"
"77322000","1"
"77343000","1"
"77364000","1"
"77385000","1"
"77406000","1"
"77427000","1"
"77448000","1"
"77469000","1"
"77490000","1"
"77511000","1"
"77532000","1"
"77553000","1"
"77574000","1"
"77595000","1"
"77616000","1"
"77637000","1"
"77658000","1"
"77679000","1"
"77700000","1"
"77721000","1"
"77742000","1"
"77763000","1"
"77784000","1"
"77805000","1"
"77826000","0.99"
"77847000","1"
"77868000","1"
"77889000","0.99"
"77910000","1"
"77931000","1"
"77952000","1"
"77973000","1"
"77994000","0.99"
"78015000","0.994"
"78036000","0.99"
"78057000","1"
"78078000","1"
"78099000","1"
"78120000","1"
"78141000","1"
"78162000","1"
"78183000","1"
"78204000","0.998"
"78225000","1"
"78246000","1"
"78267000","1"
"78288000","1"
"78309000","1"
"78330000","1"
"78351000","1"
"78372000","1"
"78393000","1"
"78414000","0.998"
"78435000","1"
"78456000","1"
"78477000","1"
"78498000","1"
"78519000","1"
"78540000","1"
"78561000","1"
"78582000","1"
"78603000","1"
"78624000","1"
"78645000","1"
"78666000","1"
"78687000","1"
"78708000","1"
"78729000","1"
"78750000","0.998"
"78771000","1"
"78792000","1"
"78813000","1"
"78834000","1"
"78855000","1"
"78876000","1"
"78897000","1"
"78918000","1"
"78939000","1"
"78960000","0.994"
"78981000","1"
"79002000","1"
"79023000","1"
"79044000","1"
"79065000","1"
"79086000","1"
"79107000","1"
"79128000","0.99"
"79149000","1"
"79170000","1"
"79191000","1"
"79212000","1"
"79233000","0.994"
"79254000","1"
"79275000","1"
"79296000","1"
"79317000","1"
"79338000","1"
"79359000","1"
"79380000","1"
"79401000","1"
"79422000","1"
"79443000","1"
"79464000","1"
"79485000","1"
"79506000","1"
"79527000","1"
"79548000","0.984"
"79569000","1"
"79590000","1"
"79611000","1"
"79632000","1"
"79653000","1"
"79674000","1"
"79695000","1"
"79716000","1"
"79737000","1"
"79758000","1"
"79779000","1"
"79800000","1"
"79821000","1"
"79842000","0.98"
"79863000","1"
"79884000","1"
"79905000","1"
"79926000","1"
"79947000","1"
"79968000","1"
"79989000","0.99"
"80010000","1"
"80031000","1"
"80052000","1"
"80073000","1"
"80094000","1"
"80115000","1"
"80136000","1"
"80157000","1"
"80178000","1"
"80199000","1"
"80220000","1"
"80241000","1"
"80262000","1"
"80283000","1"
"80304000","1"
"80325000","0.994"
"80346000","1"
"80367000","1"
"80388000","1"
"80409000","1"
"80430000","1"
"80451000","1"
"80472000","0.996"
"80493000","1"
"80514000","0.99"
"80535000","1"
"80556000","1"
"80577000","1"
"80598000","1"
"80619000","1"
"80640000","1"
"80661000","1"
"80682000","1"
"80703000","1"
"80724000","1"
"80745000","1"
"80766000","1"
"80787000","1"
"80808000","1"
"80829000","1"
"80850000","1"
"80871000","1"
"80892000","1"
"80913000","0.99"
"80934000","1"
"80955000","1"
"80976000","1"
"80997000","1"
"81018000","1"
"81039000","1"
"81060000","1"
"81081000","1"
"81102000","1"
"81123000","1"
"81144000","1"
"81165000","1"
"81186000","1"
"81207000","0.992"
"81228000","1"
"81249000","1"
"81270000","1"
"81291000","1"
"81312000","1"
"81333000","1"
"81354000","1"
"81375000","0.99"
"81396000","1"
"81417000","1"
"81438000","1"
"81459000","1"
"81480000","1"
"81501000","0.99"
"81522000","1"
"81543000","1"
"81564000","1"
"81585000","1"
"81606000","1"
"81627000","1"
"81648000","1"
"81669000","1"
"81690000","1"
"81711000","1"
"81732000","1"
"81753000","0.98"
"81774000","1"
"81795000","1"
"81816000","1"
"81837000","0.99"
"81858000","1"
"81879000","0.994"
"81900000","1"
"81921000","1"
"81942000","1"
"81963000","1"
"81984000","1"
"82005000","1"
"82026000","1"
"82047000","1"
"82068000","1"
"82089000","1"
"82110000","1"
"82131000","1"
"82152000","1"
"82173000","1"
"82194000","1"
"82215000","1"
"82236000","1"
"82257000","1"
"82278000","1"
"82299000","1"
"82320000","1"
"82341000","1"
"82362000","1"
"82383000","1"
"82404000","0.996"
"82425000","1"
"82446000","1"
"82467000","0.99"
"82488000","1"
"82509000","1"
"82530000","1"
"82551000","1"
"82572000","1"
"82593000","1"
"82614000","1"
"82635000","1"
"82656000","1"
"82677000","1"
"82698000","1"
"82719000","1"
"82740000","0.998"
"82761000","1"
"82782000","1"
"82803000","1"
"82824000","1"
"82845000","1"
"82866000","1"
"82887000","1"
"82908000","0.994"
"82929000","1"
"82950000","1"
"82971000","0.994"
"82992000","1"
"83013000","1"
"83034000","1"
"83055000","1"
"83076000","1"
"83097000","1"
"83118000","1"
"83139000","1"
"83160000","1"
"83181000","1"
"83202000","1"
"83223000","1"
"83244000","0.994"
"83265000","0.99"
"83286000","1"
"83307000","1"
"83328000","1"
"83349000","1"
"83370000","0.99"
"83391000","1"
"83412000","1"
"83433000","1"
"83454000","0.99"
"83475000","1"
"83496000","0.998"
"83517000","1"
"83538000","0.994"
"83559000","0.994"
"83580000","1"
"83601000","0.98"
"83622000","1"
"83643000","1"
"83664000","1"
"83685000","0.99"
"83706000","0.99"
"83727000","0.99"
"83748000","0.998"
"83769000","1"
"83790000","1"
"83811000","1"
"83832000","1"
"83853000","1"
"83874000","1"
"83895000","1"
"83916000","1"
"83937000","0.994"
"83958000","1"
"83979000","1"
"84000000","0.984"
"84021000","0.99"
"84042000","0.99"
"84063000","0.986"
"84084000","1"
"84105000","0.99"
"84126000","0.988"
"84147000","1"
"84168000","1"
"84189000","1"
"84210000","0.994"
"84231000","0.98"
"84252000","1"
"84273000","1"
"84294000","1"
"84315000","1"
"84336000","1"
"84357000","1"
"84378000","1"
"84399000","0.99"
"84420000","1"
"84441000","0.994"
"84462000","0.996"
"84483000","1"
"84504000","0.99"
"84525000","1"
"84546000","1"
"84567000","0.99"
"84588000","0.99"
"84609000","1"
"84630000","1"
"84651000","1"
"84672000","1"
"84693000","1"
"84714000","1"
"84735000","1"
"84756000","1"
"84777000","0.998"
"84798000","0.99"
"84819000","1"
"84840000","0.998"
"84861000","1"
"84882000","0.994"
"84903000","1"
"84924000","0.99"
"84945000","0.998"
"84966000","1"
"84987000","1"
"85008000","1"
"85029000","1"
"85050000","1"
"85071000","1"
"85092000","1"
"85113000","0.998"
"85134000","0.99"
"85155000","1"
"85176000","1"
"85197000","0.996"
"85218000","0.994"
"85239000","0.99"
"85260000","1"
"85281000","1"
"85302000","0.99"
"85323000","1"
"85344000","1"
"85365000","0.98"
"85386000","1"
"85407000","1"
"85428000","1"
"85449000","1"
"85470000","1"
"85491000","1"
"85512000","1"
"85533000","1"
"85554000","0.99"
"85575000","1"
"85596000","1"
"85617000","0.99"
"85638000","0.996"
"85659000","0.988"
"85680000","1"
"85701000","1"
"85722000","1"
"85743000","1"
"85764000","1"
"85785000","1"
"85806000","0.99"
"85827000","0.994"
"85848000","1"
"85869000","0.99"
"85890000","0.98"
"85911000","1"
"85932000","1"
"85953000","1"
"85974000","1"
"85995000","0.996"
"86016000","1"
"86037000","1"
"86058000","0.99"
"86079000","1"
"86100000","0.99"
"86121000","1"
"86142000","1"
"86163000","0.992"
"86184000","1"
"86205000","1"
"86226000","0.99"
"86247000","1"
"86268000","1"
"86289000","0.98"
"86310000","1"
"86331000","0.998"
"86352000","1"
"86373000","1"
"86394000","1"
"86415000","1"
"86436000","1"
"86457000","0.994"
"86478000","0.99"
"86499000","1"
"86520000","1"
"86541000","0.99"
"86562000","1"
"86583000","0.99"
"86604000","1"
"86625000","1"
"86646000","1"
"86667000","1"
"86688000","1"
"86709000","1"
"86730000","1"
"86751000","1"
"86772000","1"
"86793000","1"
"86814000","0.99"
"86835000","1"
"86856000","1"
"86877000","1"
"86898000","1"
"86919000","1"
"86940000","1"
"86961000","1"
"86982000","1"
"87003000","0.988"
"87024000","1"
"87045000","1"
"87066000","1"
"87087000","1"
"87108000","1"
"87129000","1"
"87150000","0.996"
"87171000","1"
"87192000","0.988"
"87213000","1"
"87234000","1"
"87255000","0.998"
"87276000","0.98"
"87297000","1"
"87318000","0.99"
"87339000","1"
"87360000","0.998"
"87381000","1"
"87402000","1"
"87423000","1"
"87444000","0.996"
"87465000","1"
"87486000","1"
"87507000","1"
"87528000","1"
"87549000","0.972"
"87570000","1"
"87591000","1"
"87612000","0.99"
"87633000","0.99"
"87654000","1"
"87675000","1"
"87696000","0.99"
"87717000","1"
"87738000","0.99"
"87759000","0.99"
"87780000","1"
"87801000","1"
"87822000","1"
"87843000","1"
"87864000","1"
"87885000","1"
"87906000","1"
"87927000","0.98"
"87948000","0.98"
"87969000","0.986"
"87990000","1"
"88011000","0.996"
"88032000","0.99"
"88053000","1"
"88074000","1"
"88095000","0.99"
"88116000","0.99"
"88137000","1"
"88158000","0.978"
"88179000","1"
"88200000","1"
"88221000","1"
"88242000","1"
"88263000","0.99"
"88284000","1"
"88305000","1"
"88326000","0.99"
"88347000","0.996"
"88368000","1"
"88389000","1"
"88410000","0.992"
"88431000","1"
"88452000","1"
"88473000","0.986"
"88494000","1"
"88515000","1"
"88536000","1"
"88557000","1"
"88578000","0.99"
"88599000","0.99"
"88620000","0.986"
"88641000","1"
"88662000","1"
"88683000","1"
"88704000","1"
"88725000","1"
"88746000","1"
"88767000","1"
"88788000","1"
"88809000","1"
"88830000","0.99"
"88851000","1"
"88872000","1"
"88893000","0.99"
"88914000","1"
"88935000","1"
"88956000","1"
"88977000","0.99"
"88998000","0.99"
"89019000","1"
"89040000","0.982"
"89061000","1"
"89082000","0.99"
"89103000","0.99"
"89124000","1"
"89145000","0.99"
"89166000","1"
"89187000","0.998"
"89208000","1"
"89229000","1"
"89250000","1"
"89271000","1"
"89292000","1"
"89313000","1"
"89334000","1"
"89355000","1"
"89376000","0.99"
"89397000","1"
"89418000","0.99"
"89439000","1"
"89460000","0.99"
"89481000","1"
"89502000","1"
"89523000","0.99"
"89544000","1"
"89565000","1"
"89586000","1"
"89607000","0.99"
"89628000","1"
"89649000","1"
"89670000","1"
"89691000","0.99"
"89712000","0.994"
"89733000","1"
"89754000","0.99"
"89775000","0.984"
"89796000","1"
"89817000","1"
"89838000","0.98"
"89859000","0.992"
"89880000","0.996"
"89901000","0.99"
"89922000","1"
"89943000","0.98"
"89964000","1"
"89985000","1"
"90006000","1"
"90027000","1"
"90048000","1"
"90069000","1"
"90090000","1"
"90111000","0.98"
"90132000","0.98"
"90153000","0.99"
"90174000","1"
"90195000","0.996"
"90216000","1"
"90237000","0.99"
"90258000","0.996"
"90279000","1"
"90300000","0.972"
"90321000","0.99"
"90342000","1"
"90363000","0.982"
"90384000","1"
"90405000","1"
"90426000","1"
"90447000","1"
"90468000","1"
"90489000","1"
"90510000","1"
"90531000","0.99"
"90552000","0.998"
"90573000","0.99"
"90594000","1"
"90615000","1"
"90636000","1"
"90657000","0.99"
"90678000","0.998"
"90699000","1"
"90720000","0.99"
"90741000","0.99"
"90762000","1"
"90783000","1"
"90804000","1"
"90825000","1"
"90846000","0.99"
"90867000","0.992"
"90888000","0.986"
"90909000","0.99"
"90930000","1"
"90951000","0.982"
"90972000","1"
"90993000","0.998"
"91014000","1"
"91035000","1"
"91056000","0.99"
"91077000","1"
"91098000","1"
"91119000","1"
"91140000","1"
"91161000","0.99"
"91182000","1"
"91203000","0.978"
"91224000","0.994"
"91245000","1"
"91266000","1"
"91287000","1"
"91308000","1"
"91329000","0.996"
"91350000","1"
"91371000","1"
"91392000","1"
"91413000","1"
"91434000","1"
"91455000","0.994"
"91476000","0.99"
"91497000","0.998"
"91518000","0.99"
"91539000","1"
"91560000","1"
"91581000","0.984"
"91602000","1"
"91623000","0.99"
"91644000","0.984"
"91665000","0.994"
"91686000","1"
"91707000","1"
"91728000","1"
"91749000","1"
"91770000","0.99"
"91791000","0.99"
"91812000","1"
"91833000","1"
"91854000","1"
"91875000","1"
"91896000","0.99"
"91917000","1"
"91938000","0.984"
"91959000","0.99"
"91980000","1"
"92001000","1"
"92022000","1"
"92043000","1"
"92064000","1"
"92085000","1"
"92106000","0.98"
"92127000","0.99"
"92148000","1"
"92169000","0.99"
"92190000","1"
"92211000","0.988"
"92232000","0.994"
"92253000","1"
"92274000","1"
"92295000","1"
"92316000","1"
"92337000","1"
"92358000","0.99"
"92379000","0.99"
"92400000","1"
"92421000","1"
"92442000","0.98"
"92463000","0.99"
"92484000","1"
"92505000","0.99"
"92526000","0.97"
"92547000","0.98"
"92568000","0.99"
"92589000","1"
"92610000","1"
"92631000","1"
"92652000","0.99"
"92673000","0.98"
"92694000","1"
"92715000","1"
"92736000","1"
"92757000","0.99"
"92778000","1"
"92799000","0.99"
"92820000","1"
"92841000","1"
"92862000","0.98"
"92883000","0.996"
"92904000","1"
"92925000","1"
"92946000","1"
"92967000","1"
"92988000","0.98"
"93009000","1"
"93030000","1"
"93051000","1"
"93072000","1"
"93093000","1"
"93114000","1"
"93135000","0.98"
"93156000","1"
"93177000","1"
"93198000","1"
"93219000","1"
"93240000","1"
"93261000","1"
"93282000","1"
"93303000","1"
"93324000","0.98"
"93345000","1"
"93366000","0.99"
"93387000","1"
"93408000","1"
"93429000","1"
"93450000","1"
"93471000","1"
"93492000","1"
"93513000","0.99"
"93534000","0.988"
"93555000","1"
"93576000","0.99"
"93597000","0.99"
"93618000","1"
"93639000","0.998"
"93660000","1"
"93681000","0.986"
"93702000","1"
"93723000","0.99"
"93744000","1"
"93765000","1"
"93786000","1"
"93807000","1"
"93828000","1"
"93849000","0.998"
"93870000","0.998"
"93891000","1"
"93912000","1"
"93933000","0.99"
"93954000","1"
"93975000","1"
"93996000","0.984"
"94017000","1"
"94038000","0.99"
"94059000","0.99"
"94080000","0.99"
"94101000","1"
"94122000","1"
"94143000","1"
"94164000","0.99"
"94185000","1"
"94206000","1"
"94227000","0.998"
"94248000","1"
"94269000","1"
"94290000","1"
"94311000","1"
"94332000","0.99"
"94353000","1"
"94374000","1"
"94395000","1"
"94416000","0.99"
"94437000","0.99"
"94458000","1"
"94479000","1"
"94500000","0.994"
"94521000","0.99"
"94542000","1"
"94563000","1"
"94584000","1"
"94605000","0.99"
"94626000","1"
"94647000","1"
"94668000","0.996"
"94689000","0.984"
"94710000","0.99"
"94731000","1"
"94752000","0.99"
"94773000","1"
"94794000","1"
"94815000","0.99"
"94836000","1"
"94857000","1"
"94878000","0.994"
"94899000","1"
"94920000","1"
"94941000","1"
"94962000","1"
"94983000","1"
"95004000","1"
"95025000","1"
"95046000","1"
"95067000","1"
"95088000","1"
"95109000","1"
"95130000","1"
"95151000","0.994"
"95172000","1"
"95193000","1"
"95214000","1"
"95235000","1"
"95256000","1"
"95277000","1"
"95298000","1"
"95319000","1"
"95340000","1"
"95361000","0.99"
"95382000","1"
"95403000","1"
"95424000","0.99"
"95445000","1"
"95466000","1"
"95487000","1"
"95508000","0.992"
"95529000","0.99"
"95550000","1"
"95571000","1"
"95592000","1"
"95613000","1"
"95634000","0.99"
"95655000","1"
"95676000","1"
"95697000","1"
"95718000","1"
"95739000","1"
"95760000","1"
"95781000","0.998"
"95802000","1"
"95823000","1"
"95844000","1"
"95865000","0.978"
"95886000","0.99"
"95907000","1"
"95928000","1"
"95949000","1"
"95970000","1"
"95991000","0.99"
"96012000","1"
"96033000","0.986"
"96054000","1"
"96075000","1"
"96096000","1"
"96117000","1"
"96138000","1"
"96159000","1"
"96180000","1"
"96201000","1"
"96222000","1"
"96243000","1"
"96264000","1"
"96285000","1"
"96306000","1"
"96327000","1"
"96348000","1"
"96369000","1"
"96390000","1"
"96411000","1"
"96432000","1"
"96453000","1"
"96474000","0.972"
"96495000","1"
"96516000","1"
"96537000","1"
"96558000","1"
"96579000","1"
"96600000","1"
"96621000","0.99"
"96642000","1"
"96663000","1"
"96684000","1"
"96705000","0.98"
"96726000","1"
"96747000","0.998"
"96768000","1"
"96789000","1"
"96810000","1"
"96831000","1"
"96852000","1"
"96873000","1"
"96894000","1"
"96915000","1"
"96936000","1"
"96957000","1"
"96978000","1"
"96999000","1"
"97020000","1"
"97041000","1"
"97062000","0.99"
"97083000","1"
"97104000","1"
"97125000","0.984"
"97146000","0.99"
"97167000","0.986"
"97188000","1"
"97209000","1"
"97230000","1"
"97251000","1"
"97272000","1"
"97293000","1"
"97314000","1"
"97335000","1"
"97356000","1"
"97377000","1"
"97398000","1"
"97419000","1"
"97440000","0.996"
"97461000","0.996"
"97482000","1"
"97503000","1"
"97524000","1"
"97545000","0.99"
"97566000","1"
"97587000","1"
"97608000","1"
"97629000","1"
"97650000","1"
"97671000","0.996"
"97692000","1"
"97713000","1"
"97734000","1"
"97755000","0.99"
"97776000","1"
"97797000","1"
"97818000","1"
"97839000","1"
"97860000","1"
"97881000","1"
"97902000","1"
"97923000","1"
"97944000","1"
"97965000","1"
"97986000","1"
"98007000","1"
"98028000","1"
"98049000","1"
"98070000","1"
"98091000","1"
"98112000","1"
"98133000","0.99"
"98154000","0.99"
"98175000","1"
"98196000","1"
"98217000","1"
"98238000","1"
"98259000","1"
"98280000","1"
"98301000","1"
"98322000","1"
"98343000","1"
"98364000","0.998"
"98385000","1"
"98406000","1"
"98427000","0.99"
"98448000","1"
"98469000","0.994"
"98490000","1"
"98511000","1"
"98532000","1"
"98553000","1"
"98574000","1"
"98595000","1"
"98616000","1"
"98637000","1"
"98658000","1"
"98679000","1"
"98700000","0.99"
"98721000","1"
"98742000","1"
"98763000","1"
"98784000","0.99"
"98805000","1"
"98826000","1"
"98847000","0.992"
"98868000","1"
"98889000","1"
"98910000","0.992"
"98931000","1"
"98952000","0.99"
"98973000","1"
"98994000","0.99"
"99015000","1"
"99036000","1"
"99057000","1"
"99078000","1"
"99099000","1"
"99120000","0.996"
"99141000","1"
"99162000","0.98"
"99183000","1"
"99204000","1"
"99225000","0.986"
"99246000","1"
"99267000","1"
"99288000","1"
"99309000","1"
"99330000","1"
"99351000","1"
"99372000","1"
"99393000","1"
"99414000","1"
"99435000","0.982"
"99456000","0.99"
"99477000","0.99"
"99498000","1"
"99519000","0.976"
"99540000","0.986"
"99561000","0.992"
"99582000","1"
"99603000","0.99"
"99624000","0.98"
"99645000","0.984"
"99666000","0.984"
"99687000","0.99"
"99708000","0.982"
"99729000","0.992"
"99750000","0.99"
"99771000","1"
"99792000","0.98"
"99813000","0.998"
"99834000","1"
"99855000","1"
"99876000","0.994"
"99897000","0.98"
"99918000","0.994"
"99939000","0.992"
"99960000","0.978"
"99981000","0.986"