"Step","sp_8agents_seed2 - 8cover_rate"
"35000","0.0015"
"70000","0.0021000000000000003"
"105000","0.00025"
"140000","0"
"175000","0.0005"
"210000","0.0005"
"245000","0.00075"
"280000","0.0005"
"315000","0.00075"
"350000","0.0023"
"385000","0.00075"
"420000","0.003"
"455000","0.0029500000000000004"
"490000","0.00175"
"525000","0.00375"
"560000","0.00325"
"595000","0.00645"
"630000","0.00425"
"665000","0.003"
"700000","0.005"
"735000","0.00505"
"770000","0.00125"
"805000","0.00025"
"840000","0"
"875000","0.0015"
"910000","0.0005"
"945000","0.00025"
"980000","0.00025"
"1015000","0"
"1050000","0.00015"
"1085000","0"
"1120000","0.00075"
"1155000","0"
"1190000","0.00025"
"1225000","0"
"1260000","0"
"1295000","0.00225"
"1330000","0.00325"
"1365000","0.00505"
"1400000","0.0043"
"1435000","0.0075"
"1470000","0.0065"
"1505000","0.00265"
"1540000","0.0035"
"1575000","0.0031"
"1610000","0.00075"
"1645000","0.0025"
"1680000","0.0015"
"1715000","0.001"
"1750000","0.0005"
"1785000","0.0012"
"1820000","0.0018"
"1855000","0.0025"
"1890000","0.00295"
"1925000","0.00155"
"1960000","0.0034500000000000004"
"1995000","0.0079"
"2030000","0.005900000000000001"
"2065000","0.00535"
"2100000","0.00405"
"2135000","0.0028"
"2170000","0.0050999999999999995"
"2205000","0.00435"
"2240000","0.0033"
"2275000","0.003"
"2310000","0.0035"
"2345000","0.002"
"2380000","0.00375"
"2415000","0.00225"
"2450000","0.0035"
"2485000","0.00085"
"2520000","0.0015"
"2555000","0.0025"
"2590000","0.00285"
"2625000","0.00225"
"2660000","0.00325"
"2695000","0.00475"
"2730000","0.00225"
"2765000","0.00385"
"2800000","0.00475"
"2835000","0.0024"
"2870000","0.00425"
"2905000","0.00385"
"2940000","0.00385"
"2975000","0.00435"
"3010000","0.00555"
"3045000","0.005699999999999999"
"3080000","0.0065"
"3115000","0.0043"
"3150000","0.00375"
"3185000","0.00775"
"3220000","0.0067"
"3255000","0.00925"
"3290000","0.01055"
"3325000","0.0111"
"3360000","0.01075"
"3395000","0.0073"
"3430000","0.0088"
"3465000","0.0097"
"3500000","0.00575"
"3535000","0.0096"
"3570000","0.0094"
"3605000","0.007449999999999999"
"3640000","0.005849999999999999"
"3675000","0.00905"
"3710000","0.011"
"3745000","0.00675"
"3780000","0.011"
"3815000","0.007"
"3850000","0.00835"
"3885000","0.005"
"3920000","0.00525"
"3955000","0.00455"
"3990000","0.00545"
"4025000","0.0046"
"4060000","0.0045"
"4095000","0.0067"
"4130000","0.0053"
"4165000","0.0087"
"4200000","0.0066500000000000005"
"4235000","0.005849999999999999"
"4270000","0.0093"
"4305000","0.0075"
"4340000","0.00675"
"4375000","0.008150000000000001"
"4410000","0.00675"
"4445000","0.00475"
"4480000","0.00555"
"4515000","0.00755"
"4550000","0.00675"
"4585000","0.00765"
"4620000","0.0056500000000000005"
"4655000","0.0034500000000000004"
"4690000","0.00575"
"4725000","0.006199999999999999"
"4760000","0.0048"
"4795000","0.0039"
"4830000","0.0046"
"4865000","0.0056500000000000005"
"4900000","0.0035"
"4935000","0.00545"
"4970000","0.00325"
"5005000","0.0074"
"5040000","0.0053"
"5075000","0.00765"
"5110000","0.0063999999999999994"
"5145000","0.0045"
"5180000","0.0023"
"5215000","0.0024"
"5250000","0.005"
"5285000","0.0035"
"5320000","0.00375"
"5355000","0.00675"
"5390000","0.006900000000000001"
"5425000","0.006900000000000001"
"5460000","0.00375"
"5495000","0.0040999999999999995"
"5530000","0.00495"
"5565000","0.00645"
"5600000","0.00395"
"5635000","0.00115"
"5670000","0.0012"
"5705000","0.0015"
"5740000","0.0025499999999999997"
"5775000","0.00025"
"5810000","0.002"
"5845000","0.00135"
"5880000","0"
"5915000","0"
"5950000","0"
"5985000","0.0005"
"6020000","0.00015"
"6055000","0.0005"
"6090000","0.0015"
"6125000","0.00125"
"6160000","0.0014"
"6195000","0.00025"
"6230000","0.00025"
"6265000","0"
"6300000","0"
"6335000","0"
"6370000","0"
"6405000","0"
"6440000","0"
"6475000","0"
"6510000","0"
"6545000","0"
"6580000","0"
"6615000","0"
"6650000","0"
"6685000","0"
"6720000","0"
"6755000","0"
"6790000","0"
"6825000","0"
"6860000","0"
"6895000","0"
"6930000","0"
"6965000","0"
"7000000","0"
"7035000","0"
"7070000","0"
"7105000","0.00025"
"7140000","0"
"7175000","0.0024"
"7210000","0.00075"
"7245000","0.0015"
"7280000","0.0021000000000000003"
"7315000","0.00225"
"7350000","0.0035"
"7385000","0.002"
"7420000","0.0005"
"7455000","0.0005"
"7490000","0.001"
"7525000","0.00225"
"7560000","0.0019"
"7595000","0.00025"
"7630000","0.0005"
"7665000","0.00075"
"7700000","0.0015"
"7735000","0.001"
"7770000","0"
"7805000","0.0005"
"7840000","0.0015"
"7875000","0.001"
"7910000","0.0004"
"7945000","0.00075"
"7980000","0.00075"
"8015000","0.0017"
"8050000","0.00025"
"8085000","0.00025"
"8120000","0.00025"
"8155000","0.00025"
"8190000","0.001"
"8225000","0"
"8260000","0.0024500000000000004"
"8295000","0.00025"
"8330000","0.002"
"8365000","0.00225"
"8400000","0.00275"
"8435000","0.00325"
"8470000","0.00185"
"8505000","0.00025"
"8540000","0.0003"
"8575000","0.00065"
"8610000","0.0004"
"8645000","0.0006"
"8680000","0.0006"
"8715000","0.00125"
"8750000","0.00125"
"8785000","0.00145"
"8820000","0.00135"
"8855000","0.00075"
"8890000","0"
"8925000","0"
"8960000","0"
"8995000","0"
"9030000","0"
"9065000","0.0005"
"9100000","0.00025"
"9135000","0"
"9170000","0"
"9205000","0"
"9240000","0.00025"
"9275000","0.00075"
"9310000","0.00325"
"9345000","0.00025"
"9380000","0.0005"
"9415000","0.00075"
"9450000","0"
"9485000","0"
"9520000","0"
"9555000","0"
"9590000","0.00025"
"9625000","0.0006"
"9660000","0.0014"
"9695000","0.00235"
"9730000","0.00025"
"9765000","0.0026500000000000004"
"9800000","0.004"
"9835000","0.0006"
"9870000","0"
"9905000","0.00025"
"9940000","0.0025"
"9975000","0.0014"
"10010000","0.0015"
"10045000","0.00025"
"10080000","0.00025"
"10115000","0.00025"
"10150000","0.00025"
"10185000","0.0005"
"10220000","0"
"10255000","0"
"10290000","0.0001"
"10325000","0"
"10360000","0.0005"
"10395000","0.0005"
"10430000","0.00175"
"10465000","0.00025"
"10500000","0.00075"
"10535000","0.0001"
"10570000","0"
"10605000","0"
"10640000","0"
"10675000","0"
"10710000","0"
"10745000","0"
"10780000","0.00025"
"10815000","0"
"10850000","0"
"10885000","0"
"10920000","0.00025"
"10955000","0.0005"
"10990000","0.0005"
"11025000","0.00185"
"11060000","0.002"
"11095000","0.0005"
"11130000","0.00125"
"11165000","0.00185"
"11200000","0"
"11235000","0.002"
"11270000","0.0005"
"11305000","0.00075"
"11340000","0.00185"
"11375000","0.00225"
"11410000","0.0024"
"11445000","0.0011"
"11480000","0.00085"
"11515000","0"
"11550000","0"
"11585000","0.00075"
"11620000","0.0001"
"11655000","0.00065"
"11690000","0.0025"
"11725000","0.00225"
"11760000","0.0035"
"11795000","0.002"
"11830000","0.00325"
"11865000","0.0055"
"11900000","0.005"
"11935000","0.003"
"11970000","0.00325"
"12005000","0.00515"
"12040000","0.004200000000000001"
"12075000","0.0026"
"12110000","0.00175"
"12145000","0.00175"
"12180000","0.001"
"12215000","0.0039"
"12250000","0.0045"
"12285000","0.0015"
"12320000","0.0015"
"12355000","0.00175"
"12390000","0.00225"
"12425000","0.00315"
"12460000","0.0035"
"12495000","0.004"
"12530000","0.007"
"12565000","0.009"
"12600000","0.00775"
"12635000","0.00525"
"12670000","0.00285"
"12705000","0.00535"
"12740000","0.0054"
"12775000","0.00375"
"12810000","0.0052"
"12845000","0.01"
"12880000","0.00955"
"12915000","0.0065"
"12950000","0.0055"
"12985000","0.004"
"13020000","0.003"
"13055000","0.00525"
"13090000","0.00425"
"13125000","0.0045"
"13160000","0.00285"
"13195000","0.0035"
"13230000","0.0014"
"13265000","0.0005"
"13300000","0.00025"
"13335000","0.0075"
"13370000","0.00865"
"13405000","0.0055"
"13440000","0.0065"
"13475000","0.006900000000000001"
"13510000","0.00425"
"13545000","0.00855"
"13580000","0.006"
"13615000","0.006449999999999999"
"13650000","0.006699999999999999"
"13685000","0.01015"
"13720000","0.00885"
"13755000","0.01395"
"13790000","0.0088"
"13825000","0.0096"
"13860000","0.00555"
"13895000","0.0056500000000000005"
"13930000","0.00465"
"13965000","0.00285"
"14000000","0.0040999999999999995"
"14035000","0.0015"
"14070000","0.00455"
"14105000","0.0029"
"14140000","0.0025499999999999997"
"14175000","0.00515"
"14210000","0.0075"
"14245000","0.00705"
"14280000","0.0056"
"14315000","0.00865"
"14350000","0.00715"
"14385000","0.0039"
"14420000","0.00455"
"14455000","0.0044"
"14490000","0.0081"
"14525000","0.0045"
"14560000","0.0054"
"14595000","0.0085"
"14630000","0.007"
"14665000","0.007"
"14700000","0.0045"
"14735000","0.0029"
"14770000","0.0021000000000000003"
"14805000","0.001"
"14840000","0.0009"
"14875000","0.001"
"14910000","0.00275"
"14945000","0.0017999999999999995"
"14980000","0"
"15015000","0.0005"
"15050000","0.00025"
"15085000","0.00125"
"15120000","0.0015"
"15155000","0"
"15190000","0.00025"
"15225000","0"
"15260000","0"
"15295000","0"
"15330000","0"
"15365000","0"
"15400000","0.001"
"15435000","0.00275"
"15470000","0.001"
"15505000","0.004"
"15540000","0.00275"
"15575000","0.00115"
"15610000","0.00275"
"15645000","0.0024500000000000004"
"15680000","0.0048"
"15715000","0.00385"
"15750000","0.00285"
"15785000","0.0011"
"15820000","0.00135"
"15855000","0.001"
"15890000","0.00025"
"15925000","0.0008"
"15960000","0.0006000000000000001"
"15995000","0.0014"
"16030000","0.0015"
"16065000","0.0011"
"16100000","0.0023"
"16135000","0.00165"
"16170000","0.00355"
"16205000","0.0039"
"16240000","0.005849999999999999"
"16275000","0.0096"
"16310000","0.01025"
"16345000","0.00945"
"16380000","0.010399999999999998"
"16415000","0.01305"
"16450000","0.01195"
"16485000","0.01015"
"16520000","0.0114"
"16555000","0.01385"
"16590000","0.0127"
"16625000","0.01185"
"16660000","0.01405"
"16695000","0.0155"
"16730000","0.01125"
"16765000","0.010600000000000002"
"16800000","0.0141"
"16835000","0.01595"
"16870000","0.0135"
"16905000","0.01685"
"16940000","0.0148"
"16975000","0.01565"
"17010000","0.01555"
"17045000","0.0137"
"17080000","0.01495"
"17115000","0.01365"
"17150000","0.015"
"17185000","0.014399999999999998"
"17220000","0.01395"
"17255000","0.013149999999999998"
"17290000","0.01295"
"17325000","0.0133"
"17360000","0.01505"
"17395000","0.0112"
"17430000","0.01565"
"17465000","0.014299999999999998"
"17500000","0.0125"
"17535000","0.01335"
"17570000","0.016900000000000002"
"17605000","0.01"
"17640000","0.01165"
"17675000","0.0108"
"17710000","0.0134"
"17745000","0.014900000000000002"
"17780000","0.01285"
"17815000","0.01135"
"17850000","0.0070999999999999995"
"17885000","0.007449999999999999"
"17920000","0.0038"
"17955000","0.007"
"17990000","0.005050000000000001"
"18025000","0.0056500000000000005"
"18060000","0.0067"
"18095000","0.0071"
"18130000","0.0047"
"18165000","0.00595"
"18200000","0.00605"
"18235000","0.007449999999999999"
"18270000","0.01025"
"18305000","0.0096"
"18340000","0.008"
"18375000","0.01345"
"18410000","0.01085"
"18445000","0.01345"
"18480000","0.0106"
"18515000","0.0144"
"18550000","0.01175"
"18585000","0.01455"
"18620000","0.0118"
"18655000","0.0105"
"18690000","0.007449999999999999"
"18725000","0.01075"
"18760000","0.0122"
"18795000","0.00995"
"18830000","0.01165"
"18865000","0.01305"
"18900000","0.00985"
"18935000","0.01325"
"18970000","0.00775"
"19005000","0.01225"
"19040000","0.00765"
"19075000","0.007300000000000001"
"19110000","0.0065"
"19145000","0.007699999999999999"
"19180000","0.0050999999999999995"
"19215000","0.0035"
"19250000","0.00155"
"19285000","0.0015499999999999995"
"19320000","0.00175"
"19355000","0.0013"
"19390000","0.00025"
"19425000","0.0003"
"19460000","0.0005"
"19495000","0.00025"
"19530000","0.0005"
"19565000","0.0005"
"19600000","0.001"
"19635000","0.001"
"19670000","0.00175"
"19705000","0.00225"
"19740000","0.00075"
"19775000","0"
"19810000","0"
"19845000","0"
"19880000","0"
"19915000","0"
"19950000","0"
"19985000","0"
"20020000","0"
"20055000","0"
"20090000","0"
"20125000","0"
"20160000","0"
"20195000","0"
"20230000","0"
"20265000","0"
"20300000","0"
"20335000","0"
"20370000","0"
"20405000","0"
"20440000","0"
"20475000","0"
"20510000","0"
"20545000","0"
"20580000","0"
"20615000","0"
"20650000","0"
"20685000","0"
"20720000","0"
"20755000","0"
"20790000","0"
"20825000","0.0005"
"20860000","0.00025"
"20895000","0"
"20930000","0.00025"
"20965000","0"
"21000000","0.0005"
"21035000","0.001"
"21070000","0.001"
"21105000","0.00125"
"21140000","0.002"
"21175000","0.002"
"21210000","0.0055"
"21245000","0.0055"
"21280000","0.0075"
"21315000","0.007"
"21350000","0.01085"
"21385000","0.00515"
"21420000","0.00305"
"21455000","0.008"
"21490000","0.0101"
"21525000","0.0098"
"21560000","0.01075"
"21595000","0.008150000000000001"
"21630000","0.0121"
"21665000","0.0068"
"21700000","0.0079"
"21735000","0.0104"
"21770000","0.0121"
"21805000","0.01365"
"21840000","0.01135"
"21875000","0.0067"
"21910000","0.00705"
"21945000","0.007600000000000001"
"21980000","0.01225"
"22015000","0.00995"
"22050000","0.00735"
"22085000","0.0113"
"22120000","0.01025"
"22155000","0.01095"
"22190000","0.01125"
"22225000","0.00925"
"22260000","0.01365"
"22295000","0.01005"
"22330000","0.0121"
"22365000","0.00995"
"22400000","0.01035"
"22435000","0.0081"
"22470000","0.0105"
"22505000","0.00925"
"22540000","0.00935"
"22575000","0.00725"
"22610000","0.00925"
"22645000","0.011"
"22680000","0.0066"
"22715000","0.0073"
"22750000","0.00705"
"22785000","0.0079"
"22820000","0.0086"
"22855000","0.007850000000000001"
"22890000","0.00915"
"22925000","0.00735"
"22960000","0.0075"
"22995000","0.0065"
"23030000","0.0048"
"23065000","0.0046500000000000005"
"23100000","0.0064"
"23135000","0.007149999999999999"
"23170000","0.00545"
"23205000","0.006299999999999999"
"23240000","0.0063"
"23275000","0.0070999999999999995"
"23310000","0.0065"
"23345000","0.006"
"23380000","0.00515"
"23415000","0.004550000000000001"
"23450000","0.00445"
"23485000","0.0065"
"23520000","0.0056500000000000005"
"23555000","0.0062"
"23590000","0.0102"
"23625000","0.00515"
"23660000","0.00725"
"23695000","0.006"
"23730000","0.003"
"23765000","0.0065"
"23800000","0.0013"
"23835000","0.0005"
"23870000","0.0016"
"23905000","0.0014"
"23940000","0.0057"
"23975000","0.0055"
"24010000","0.003650000000000001"
"24045000","0.00195"
"24080000","0.0023"
"24115000","0.0025499999999999997"
"24150000","0.0076"
"24185000","0.00725"
"24220000","0.0075"
"24255000","0.00775"
"24290000","0.0046"
"24325000","0.0011"
"24360000","0.00375"
"24395000","0.0003"
"24430000","0.00185"
"24465000","0.0051"
"24500000","0.0052"
"24535000","0.00775"
"24570000","0.005849999999999999"
"24605000","0.0064"
"24640000","0.00225"
"24675000","0.0048"
"24710000","0.0051"
"24745000","0.0035999999999999995"
"24780000","0.0035"
"24815000","0.006549999999999999"
"24850000","0.005"
"24885000","0.0074"
"24920000","0.00675"
"24955000","0.006900000000000001"
"24990000","0.0085"
"25025000","0.008150000000000001"
"25060000","0.00785"
"25095000","0.00805"
"25130000","0.0141"
"25165000","0.00995"
"25200000","0.01015"
"25235000","0.0095"
"25270000","0.01005"
"25305000","0.0115"
"25340000","0.00995"
"25375000","0.00805"
"25410000","0.008199999999999999"
"25445000","0.0061"
"25480000","0.005749999999999999"
"25515000","0.00935"
"25550000","0.0098"
"25585000","0.007899999999999999"
"25620000","0.0096"
"25655000","0.01095"
"25690000","0.0088"
"25725000","0.0066500000000000005"
"25760000","0.0083"
"25795000","0.0075499999999999986"
"25830000","0.00825"
"25865000","0.010350000000000002"
"25900000","0.0124"
"25935000","0.0093"
"25970000","0.0121"
"26005000","0.00895"
"26040000","0.0055"
"26075000","0.0038"
"26110000","0.00425"
"26145000","0.0064"
"26180000","0.0079"
"26215000","0.00525"
"26250000","0.0060999999999999995"
"26285000","0.005449999999999999"
"26320000","0.00815"
"26355000","0.0026000000000000007"
"26390000","0.00195"
"26425000","0.00365"
"26460000","0.0031"
"26495000","0.00175"
"26530000","0.00355"
"26565000","0.0022"
"26600000","0.0014"
"26635000","0.0013"
"26670000","0.0012"
"26705000","0.00045"
"26740000","0"
"26775000","0.0006"
"26810000","0.0009"
"26845000","0.00115"
"26880000","0.0005"
"26915000","0.00235"
"26950000","0.0034"
"26985000","0.0004"
"27020000","0.00215"
"27055000","0.00125"
"27090000","0.00365"
"27125000","0.004849999999999999"
"27160000","0.0079"
"27195000","0.00305"
"27230000","0.0034500000000000004"
"27265000","0.005849999999999999"
"27300000","0.0075"
"27335000","0.00695"
"27370000","0.01085"
"27405000","0.0095"
"27440000","0.00935"
"27475000","0.008850000000000002"
"27510000","0.0086"
"27545000","0.00535"
"27580000","0.00925"
"27615000","0.0092"
"27650000","0.00905"
"27685000","0.0109"
"27720000","0.01015"
"27755000","0.0115"
"27790000","0.0132"
"27825000","0.0152"
"27860000","0.0146"
"27895000","0.01555"
"27930000","0.01675"
"27965000","0.012649999999999998"
"28000000","0.01335"
"28035000","0.015"
"28070000","0.01145"
"28105000","0.0147"
"28140000","0.01275"
"28175000","0.011149999999999998"
"28210000","0.011100000000000002"
"28245000","0.012649999999999998"
"28280000","0.011200000000000002"
"28315000","0.01455"
"28350000","0.0151"
"28385000","0.0151"
"28420000","0.0127"
"28455000","0.0141"
"28490000","0.014150000000000005"
"28525000","0.01245"
"28560000","0.014"
"28595000","0.0119"
"28630000","0.0156"
"28665000","0.01525"
"28700000","0.01445"
"28735000","0.01415"
"28770000","0.01465"
"28805000","0.016599999999999997"
"28840000","0.01375"
"28875000","0.015950000000000002"
"28910000","0.016800000000000002"
"28945000","0.016800000000000002"
"28980000","0.01505"
"29015000","0.0155"
"29050000","0.00955"
"29085000","0.012649999999999998"
"29120000","0.017049999999999996"
"29155000","0.01245"
"29190000","0.01285"
"29225000","0.012899999999999998"
"29260000","0.013400000000000002"
"29295000","0.0085"
"29330000","0.00845"
"29365000","0.0114"
"29400000","0.0137"
"29435000","0.0119"
"29470000","0.0111"
"29505000","0.01445"
"29540000","0.01305"
"29575000","0.013"
"29610000","0.013800000000000002"
"29645000","0.012"
"29680000","0.011"
"29715000","0.01215"
"29750000","0.00905"
"29785000","0.00795"
"29820000","0.00975"
"29855000","0.006449999999999999"
"29890000","0.0081"
"29925000","0.00955"
"29960000","0.007799999999999999"
"29995000","0.007600000000000001"
"30030000","0.00775"
"30065000","0.007549999999999999"
"30100000","0.0106"
"30135000","0.0076"
"30170000","0.0089"
"30205000","0.012049999999999998"
"30240000","0.00745"
"30275000","0.0083"
"30310000","0.0101"
"30345000","0.007450000000000001"
"30380000","0.005849999999999999"
"30415000","0.007949999999999999"
"30450000","0.008400000000000001"
"30485000","0.008350000000000002"
"30520000","0.008199999999999999"
"30555000","0.0103"
"30590000","0.00805"
"30625000","0.0096"
"30660000","0.01155"
"30695000","0.013800000000000002"
"30730000","0.0105"
"30765000","0.0095"
"30800000","0.01105"
"30835000","0.0142"
"30870000","0.011200000000000002"
"30905000","0.01015"
"30940000","0.008150000000000001"
"30975000","0.0094"
"31010000","0.0128"
"31045000","0.01105"
"31080000","0.0119"
"31115000","0.00935"
"31150000","0.0119"
"31185000","0.0109"
"31220000","0.00835"
"31255000","0.00575"
"31290000","0.0048"
"31325000","0.007549999999999999"
"31360000","0.0066500000000000005"
"31395000","0.01155"
"31430000","0.01415"
"31465000","0.0117"
"31500000","0.01045"
"31535000","0.01525"
"31570000","0.01405"
"31605000","0.00975"
"31640000","0.013450000000000002"
"31675000","0.0122"
"31710000","0.0095"
"31745000","0.00885"
"31780000","0.0132"
"31815000","0.0134"
"31850000","0.0101"
"31885000","0.0143"
"31920000","0.01725"
"31955000","0.01275"
"31990000","0.00455"
"32025000","0.01425"
"32060000","0.01065"
"32095000","0.00535"
"32130000","0.007549999999999999"
"32165000","0.0036"
"32200000","0.0058000000000000005"
"32235000","0.0046500000000000005"
"32270000","0.0056500000000000005"
"32305000","0.0060999999999999995"
"32340000","0.0052"
"32375000","0.0076"
"32410000","0.00835"
"32445000","0.00695"
"32480000","0.01005"
"32515000","0.00745"
"32550000","0.00735"
"32585000","0.0113"
"32620000","0.0068000000000000005"
"32655000","0.0078"
"32690000","0.0034500000000000004"
"32725000","0.005"
"32760000","0.0067"
"32795000","0.0037"
"32830000","0.006500000000000001"
"32865000","0.0031"
"32900000","0.0023"
"32935000","0.004200000000000001"
"32970000","0.0043"
"33005000","0.0046500000000000005"
"33040000","0.00575"
"33075000","0.005350000000000001"
"33110000","0.004200000000000001"
"33145000","0.005"
"33180000","0.007"
"33215000","0.0058000000000000005"
"33250000","0.00875"
"33285000","0.008400000000000001"
"33320000","0.0048"
"33355000","0.0065"
"33390000","0.0019"
"33425000","0.0015"
"33460000","0.00055"
"33495000","0.00215"
"33530000","0.00275"
"33565000","0.0057"
"33600000","0.005900000000000001"
"33635000","0.0045"
"33670000","0.006900000000000001"
"33705000","0.007"
"33740000","0.0070999999999999995"
"33775000","0.00685"
"33810000","0.00675"
"33845000","0.009"
"33880000","0.00805"
"33915000","0.01275"
"33950000","0.004900000000000001"
"33985000","0.00505"
"34020000","0.00725"
"34055000","0.006900000000000001"
"34090000","0.0114"
"34125000","0.00525"
"34160000","0.0058"
"34195000","0.00575"
"34230000","0.0062"
"34265000","0.0026500000000000004"
"34300000","0.0049499999999999995"
"34335000","0.0062"
"34370000","0.00475"
"34405000","0.00805"
"34440000","0.00725"
"34475000","0.0061"
"34510000","0.0065"
"34545000","0.0088"
"34580000","0.0081"
"34615000","0.0024"
"34650000","0.0085"
"34685000","0.0075"
"34720000","0.0026"
"34755000","0.004050000000000001"
"34790000","0.00165"
"34825000","0.005900000000000001"
"34860000","0.005"
"34895000","0.0065"
"34930000","0.00905"
"34965000","0.00835"
"35000000","0.0065"
"35035000","0.004"
"35070000","0.0035999999999999995"
"35105000","0.0038"
"35140000","0.0039"
"35175000","0.004900000000000001"
"35210000","0.0048"
"35245000","0.00725"
"35280000","0.0086"
"35315000","0.00615"
"35350000","0.0073"
"35385000","0.00515"
"35420000","0.00185"
"35455000","0.00335"
"35490000","0.00215"
"35525000","0.0010500000000000002"
"35560000","0.00175"
"35595000","0.00415"
"35630000","0.0008"
"35665000","0.001"
"35700000","0.00455"
"35735000","0.0006"
"35770000","0.00025"
"35805000","0.0006"
"35840000","0.002"
"35875000","0.0048"
"35910000","0.0032"
"35945000","0.003"
"35980000","0.00925"
"36015000","0.0148"
"36050000","0.0145"
"36085000","0.01485"
"36120000","0.0155"
"36155000","0.00825"
"36190000","0.0122"
"36225000","0.00855"
"36260000","0.00805"
"36295000","0.0032"
"36330000","0.0060999999999999995"
"36365000","0.007699999999999999"
"36400000","0.01055"
"36435000","0.00585"
"36470000","0.00425"
"36505000","0.00525"
"36540000","0.00025"
"36575000","0.00025"
"36610000","0"
"36645000","0"
"36680000","0"
"36715000","0"
"36750000","0.0001"
"36785000","0.0026"
"36820000","0.00185"
"36855000","0.0017"
"36890000","0.005199999999999999"
"36925000","0.0023"
"36960000","0.00605"
"36995000","0.0034500000000000004"
"37030000","0.004"
"37065000","0.0029"
"37100000","0.0018"
"37135000","0.00075"
"37170000","0.00035"
"37205000","0.00185"
"37240000","0.0066"
"37275000","0.00395"
"37310000","0.00385"
"37345000","0.002"
"37380000","0.00135"
"37415000","0"
"37450000","0.0012"
"37485000","0.0055"
"37520000","0.00525"
"37555000","0.0046"
"37590000","0.0038"
"37625000","0.00265"
"37660000","0.00125"
"37695000","0.0058"
"37730000","0.0102"
"37765000","0.004900000000000001"
"37800000","0.0094"
"37835000","0.00125"
"37870000","0.0045"
"37905000","0.00325"
"37940000","0.002"
"37975000","0.00625"
"38010000","0.0029"
"38045000","0.0008"
"38080000","0.00125"
"38115000","0.00325"
"38150000","0.0031"
"38185000","0.0017"
"38220000","0.00525"
"38255000","0.00395"
"38290000","0.00175"
"38325000","0.00125"
"38360000","0.0062"
"38395000","0.004"
"38430000","0.001"
"38465000","0.0074"
"38500000","0.0112"
"38535000","0.0056"
"38570000","0.0066"
"38605000","0.0095"
"38640000","0.0068"
"38675000","0.00455"
"38710000","0.0018000000000000002"
"38745000","0.00035"
"38780000","0.00095"
"38815000","0.00055"
"38850000","0"
"38885000","0"
"38920000","0.0005"
"38955000","0.0010500000000000002"
"38990000","0.00765"
"39025000","0.0097"
"39060000","0.0103"
"39095000","0.0106"
"39130000","0.0099"
"39165000","0.00605"
"39200000","0.0033"
"39235000","0.00125"
"39270000","0.01095"
"39305000","0.0005"
"39340000","0.00075"
"39375000","0"
"39410000","0"
"39445000","0.00025"
"39480000","0.00125"
"39515000","0.0136"
"39550000","0.01265"
"39585000","0.0071"
"39620000","0.00425"
"39655000","0.00775"
"39690000","0.00925"
"39725000","0.00945"
"39760000","0.0034500000000000004"
"39795000","0.0031"
"39830000","0.00535"
"39865000","0.0058"
"39900000","0.00435"
"39935000","0.012399999999999998"
"39970000","0.01075"
"40005000","0.0085"
"40040000","0.00735"
"40075000","0.00615"
"40110000","0.008"
"40145000","0.007"
"40180000","0.009"
"40215000","0.00975"
"40250000","0.00695"
"40285000","0.004849999999999999"
"40320000","0.00025"
"40355000","0.00025"
"40390000","0"
"40425000","0.00025"
"40460000","0.00075"
"40495000","0.0005"
"40530000","0.00305"
"40565000","0.0053"
"40600000","0.0105"
"40635000","0.00625"
"40670000","0.0045"
"40705000","0.0088"
"40740000","0.01145"
"40775000","0.0117"
"40810000","0.0121"
"40845000","0.0087"
"40880000","0.0109"
"40915000","0.00355"
"40950000","0.00515"
"40985000","0.007699999999999999"
"41020000","0.0141"
"41055000","0.00845"
"41090000","0.0075"
"41125000","0.0045"
"41160000","0.0045"
"41195000","0.007050000000000001"
"41230000","0.00955"
"41265000","0.01075"
"41300000","0.0076"
"41335000","0.00915"
"41370000","0.00695"
"41405000","0.008600000000000002"
"41440000","0.0055"
"41475000","0.00695"
"41510000","0.00555"
"41545000","0.00835"
"41580000","0.0093"
"41615000","0.00985"
"41650000","0.007199999999999999"
"41685000","0.0107"
"41720000","0.006900000000000001"
"41755000","0.00635"
"41790000","0.00575"
"41825000","0.0058000000000000005"
"41860000","0.0073"
"41895000","0.00505"
"41930000","0.00575"
"41965000","0.007149999999999999"
"42000000","0.00625"
"42035000","0.00595"
"42070000","0.0034"
"42105000","0.00975"
"42140000","0.0070999999999999995"
"42175000","0.01"
"42210000","0.01115"
"42245000","0.01365"
"42280000","0.00615"
"42315000","0.01465"
"42350000","0.01085"
"42385000","0.0102"
"42420000","0.01095"
"42455000","0.0039"
"42490000","0.0055"
"42525000","0.008400000000000001"
"42560000","0.0116"
"42595000","0.00785"
"42630000","0.0111"
"42665000","0.01025"
"42700000","0.0093"
"42735000","0.0107"
"42770000","0.004050000000000001"
"42805000","0.00525"
"42840000","0.00375"
"42875000","0.00375"
"42910000","0.00525"
"42945000","0.00545"
"42980000","0.0025499999999999997"
"43015000","0.00215"
"43050000","0.0022"
"43085000","0.0013"
"43120000","0.00035"
"43155000","0.0019"
"43190000","0.0085"
"43225000","0.00775"
"43260000","0.004849999999999999"
"43295000","0.0034"
"43330000","0.00195"
"43365000","0.0016"
"43400000","0.0025"
"43435000","0.00235"
"43470000","0.00435"
"43505000","0.0031"
"43540000","0.006849999999999999"
"43575000","0.0072"
"43610000","0.00615"
"43645000","0.0060999999999999995"
"43680000","0.0079"
"43715000","0.0044"
"43750000","0.0039"
"43785000","0.0038"
"43820000","0.0006000000000000001"
"43855000","0"
"43890000","0.0025499999999999997"
"43925000","0.00115"
"43960000","0"
"43995000","0"
"44030000","0"
"44065000","0"
"44100000","0"
"44135000","0.00125"
"44170000","0.0005"
"44205000","0.00315"
"44240000","0.00155"
"44275000","0.00025"
"44310000","0.008150000000000001"
"44345000","0.01275"
"44380000","0.012899999999999998"
"44415000","0.011100000000000002"
"44450000","0.013800000000000002"
"44485000","0.0116"
"44520000","0.0153"
"44555000","0.0074"
"44590000","0.0083"
"44625000","0.0037"
"44660000","0.006849999999999999"
"44695000","0.00875"
"44730000","0.012600000000000002"
"44765000","0.0121"
"44800000","0.010600000000000002"
"44835000","0.01145"
"44870000","0.00835"
"44905000","0.007300000000000001"
"44940000","0.0051"
"44975000","0.0006"
"45010000","0.001"
"45045000","0"
"45080000","0.00395"
"45115000","0.0034500000000000004"
"45150000","0.0056"
"45185000","0.0052"
"45220000","0.0026500000000000004"
"45255000","0.002"
"45290000","0.00075"
"45325000","0"
"45360000","0"
"45395000","0.00025"
"45430000","0.00225"
"45465000","0.0009"
"45500000","0.0025"
"45535000","0.002"
"45570000","0.004"
"45605000","0.00625"
"45640000","0.004"
"45675000","0.00315"
"45710000","0.00225"
"45745000","0.00075"
"45780000","0.0002"
"45815000","0.0020499999999999997"
"45850000","0.00075"
"45885000","0.00025"
"45920000","0.00515"
"45955000","0.0027"
"45990000","0.0029500000000000004"
"46025000","0.00625"
"46060000","0.0012"
"46095000","0.00445"
"46130000","0.008"
"46165000","0.008"
"46200000","0.01375"
"46235000","0.0095"
"46270000","0.01395"
"46305000","0.01255"
"46340000","0.01185"
"46375000","0.01165"
"46410000","0.01065"
"46445000","0.01095"
"46480000","0.00715"
"46515000","0.0088"
"46550000","0.01145"
"46585000","0.009149999999999998"
"46620000","0.00435"
"46655000","0.0005"
"46690000","0.00025"
"46725000","0.0006"
"46760000","0.0038"
"46795000","0.00215"
"46830000","0.0010500000000000002"
"46865000","0.0022"
"46900000","0.00225"
"46935000","0.00365"
"46970000","0.00285"
"47005000","0.00125"
"47040000","0"
"47075000","0.00065"
"47110000","0.00005"
"47145000","0.00185"
"47180000","0.0105"
"47215000","0.0040999999999999995"
"47250000","0.00355"
"47285000","0"
"47320000","0.00375"
"47355000","0.00395"
"47390000","0.00355"
"47425000","0.00125"
"47460000","0.00055"
"47495000","0.0017"
"47530000","0.005900000000000001"
"47565000","0.008"
"47600000","0.004200000000000001"
"47635000","0.0035"
"47670000","0.0011"
"47705000","0.00025"
"47740000","0.00025"
"47775000","0"
"47810000","0.0054"
"47845000","0.00995"
"47880000","0.00695"
"47915000","0.0005"
"47950000","0.00325"
"47985000","0.0008"
"48020000","0.00305"
"48055000","0.0054"
"48090000","0.0046500000000000005"
"48125000","0.004900000000000001"
"48160000","0.00535"
"48195000","0.0015499999999999995"
"48230000","0.0046500000000000005"
"48265000","0.005300000000000001"
"48300000","0.0021999999999999997"
"48335000","0.0022"
"48370000","0.00935"
"48405000","0.0093"
"48440000","0.00925"
"48475000","0.01005"
"48510000","0.0105"
"48545000","0.00825"
"48580000","0.01145"
"48615000","0.011149999999999998"
"48650000","0.0107"
"48685000","0.00425"
"48720000","0.0009"
"48755000","0.006549999999999999"
"48790000","0.00225"
"48825000","0.0001"
"48860000","0"
"48895000","0"
"48930000","0"
"48965000","0"
"49000000","0"
"49035000","0"
"49070000","0"
"49105000","0"
"49140000","0"
"49175000","0"
"49210000","0.0011"
"49245000","0"
"49280000","0.00075"
"49315000","0.00075"
"49350000","0.0025"
"49385000","0.00595"
"49420000","0.01085"
"49455000","0.0132"
"49490000","0.01325"
"49525000","0.0129"
"49560000","0.01055"
"49595000","0.00525"
"49630000","0.0029"
"49665000","0"
"49700000","0.0028"
"49735000","0.004600000000000001"
"49770000","0.007"
"49805000","0.00945"
"49840000","0.01415"
"49875000","0.008"
"49910000","0.00935"
"49945000","0.00785"
"49980000","0.0125"
"50015000","0.01015"
"50050000","0.0028000000000000004"
"50085000","0.00075"
"50120000","0.00075"
"50155000","0.00125"
"50190000","0.00125"
"50225000","0.00025"
"50260000","0.01215"
"50295000","0.01625"
"50330000","0.0165"
"50365000","0.01085"
"50400000","0"
"50435000","0"
"50470000","0"
"50505000","0.00075"
"50540000","0.007"
"50575000","0.009"
"50610000","0.00925"
"50645000","0.00995"
"50680000","0.00925"
"50715000","0.01055"
"50750000","0.0129"
"50785000","0.0089"
"50820000","0.00695"
"50855000","0.01515"
"50890000","0.01055"
"50925000","0.0074"
"50960000","0.01"
"50995000","0.0102"
"51030000","0.007"
"51065000","0.007350000000000001"
"51100000","0.01"
"51135000","0.0054"
"51170000","0.0093"
"51205000","0.00395"
"51240000","0.0066"
"51275000","0.0107"
"51310000","0.00475"
"51345000","0.007300000000000001"
"51380000","0.00515"
"51415000","0.0095"
"51450000","0.0103"
"51485000","0.01015"
"51520000","0.0117"
"51555000","0.00855"
"51590000","0.0078"
"51625000","0.01"
"51660000","0.0103"
"51695000","0.0093"
"51730000","0.0137"
"51765000","0.01315"
"51800000","0.00945"
"51835000","0.0128"
"51870000","0.01335"
"51905000","0.011"
"51940000","0.0096"
"51975000","0.0112"
"52010000","0.0073"
"52045000","0.00615"
"52080000","0.00935"
"52115000","0.0068"
"52150000","0.0113"
"52185000","0.0115"
"52220000","0.00965"
"52255000","0.00995"
"52290000","0.00535"
"52325000","0.004300000000000001"
"52360000","0.00605"
"52395000","0.0074"
"52430000","0.00935"
"52465000","0.007199999999999999"
"52500000","0.0088"
"52535000","0.01"
"52570000","0.00735"
"52605000","0.0079"
"52640000","0.008049999999999998"
"52675000","0.0067"
"52710000","0.007699999999999999"
"52745000","0.0073"
"52780000","0.0063"
"52815000","0.01105"
"52850000","0.0093"
"52885000","0.0060999999999999995"
"52920000","0.0034500000000000004"
"52955000","0.0029500000000000004"
"52990000","0.00365"
"53025000","0.0023499999999999997"
"53060000","0.00435"
"53095000","0.0032"
"53130000","0.0025"
"53165000","0.001"
"53200000","0.00135"
"53235000","0.00135"
"53270000","0.00025"
"53305000","0"
"53340000","0.00025"
"53375000","0"
"53410000","0"
"53445000","0"
"53480000","0.00025"
"53515000","0.0089"
"53550000","0.00355"
"53585000","0.00235"
"53620000","0"
"53655000","0.00005"
"53690000","0.0002"
"53725000","0.0004"
"53760000","0"
"53795000","0.00030000000000000003"
"53830000","0.00125"
"53865000","0.00165"
"53900000","0.008"
"53935000","0.007699999999999999"
"53970000","0.011450000000000002"
"54005000","0.0116"
"54040000","0.010500000000000002"
"54075000","0.00985"
"54110000","0.010899999999999998"
"54145000","0.00605"
"54180000","0.0056500000000000005"
"54215000","0.00965"
"54250000","0.0085"
"54285000","0.0107"
"54320000","0.008400000000000001"
"54355000","0.0105"
"54390000","0.005700000000000001"
"54425000","0.0034"
"54460000","0.00675"
"54495000","0.009"
"54530000","0.008399999999999998"
"54565000","0.00445"
"54600000","0.00675"
"54635000","0.0032"
"54670000","0.0046500000000000005"
"54705000","0.0048"
"54740000","0.0050999999999999995"
"54775000","0.0035"
"54810000","0.0045"
"54845000","0.0011"
"54880000","0.00365"
"54915000","0.004449999999999999"
"54950000","0.005900000000000001"
"54985000","0.00415"
"55020000","0.0047"
"55055000","0.00425"
"55090000","0.0047"
"55125000","0.0045"
"55160000","0.008400000000000001"
"55195000","0.008350000000000002"
"55230000","0.006549999999999999"
"55265000","0.006300000000000001"
"55300000","0.00895"
"55335000","0.00625"
"55370000","0.004849999999999999"
"55405000","0.0073"
"55440000","0.0071"
"55475000","0.0057"
"55510000","0.0051"
"55545000","0.005300000000000001"
"55580000","0.0089"
"55615000","0.01045"
"55650000","0.0118"
"55685000","0.01235"
"55720000","0.0128"
"55755000","0.0096"
"55790000","0.01345"
"55825000","0.0128"
"55860000","0.01105"
"55895000","0.01185"
"55930000","0.00995"
"55965000","0.004900000000000001"
"56000000","0.0003"
"56035000","0.0006"
"56070000","0.00405"
"56105000","0.0092"
"56140000","0.0065"
"56175000","0.001"
"56210000","0.00015"
"56245000","0.0007"
"56280000","0.0083"
"56315000","0.0082"
"56350000","0.007000000000000001"
"56385000","0.0121"
"56420000","0.0020499999999999997"
"56455000","0.0026"
"56490000","0.001"
"56525000","0.00335"
"56560000","0.0021000000000000003"
"56595000","0.0026500000000000004"
"56630000","0.00325"
"56665000","0.0095"
"56700000","0.006849999999999999"
"56735000","0.0123"
"56770000","0.00805"
"56805000","0.007600000000000001"
"56840000","0.00965"
"56875000","0.0127"
"56910000","0.0106"
"56945000","0.01075"
"56980000","0.00435"
"57015000","0.005849999999999999"
"57050000","0.0114"
"57085000","0.0114"
"57120000","0.01305"
"57155000","0.00905"
"57190000","0.0133"
"57225000","0.007"
"57260000","0.0066500000000000005"
"57295000","0.01355"
"57330000","0.004200000000000001"
"57365000","0.0093"
"57400000","0.00805"
"57435000","0.01075"
"57470000","0.0070999999999999995"
"57505000","0.0056"
"57540000","0.00605"
"57575000","0.00425"
"57610000","0.00125"
"57645000","0.0024"
"57680000","0.001"
"57715000","0.0013"
"57750000","0.00425"
"57785000","0.00505"
"57820000","0.00525"
"57855000","0.01085"
"57890000","0.0064"
"57925000","0.007750000000000001"
"57960000","0.0078"
"57995000","0.009"
"58030000","0.007449999999999999"
"58065000","0.00525"
"58100000","0.008950000000000001"
"58135000","0.00975"
"58170000","0.006600000000000001"
"58205000","0.0054"
"58240000","0.0053"
"58275000","0.005449999999999999"
"58310000","0.0124"
"58345000","0.0112"
"58380000","0.01275"
"58415000","0.01"
"58450000","0.00775"
"58485000","0.0032"
"58520000","0.0083"
"58555000","0.002"
"58590000","0.0074"
"58625000","0.00995"
"58660000","0.00955"
"58695000","0.01155"
"58730000","0.0144"
"58765000","0.0151"
"58800000","0.01245"
"58835000","0.01025"
"58870000","0.0121"
"58905000","0.0092"
"58940000","0.00225"
"58975000","0.0014"
"59010000","0.00025"
"59045000","0.0038"
"59080000","0.0075"
"59115000","0.0066500000000000005"
"59150000","0.0010500000000000002"
"59185000","0.00535"
"59220000","0.009450000000000002"
"59255000","0.002099999999999999"
"59290000","0.00525"
"59325000","0.0079"
"59360000","0.0060999999999999995"
"59395000","0.005"
"59430000","0.0044"
"59465000","0.00415"
"59500000","0.0029"
"59535000","0.009200000000000002"
"59570000","0.0073"
"59605000","0.0078"
"59640000","0.01285"
"59675000","0.00905"
"59710000","0.00275"
"59745000","0.0028499999999999997"
"59780000","0.0050999999999999995"
"59815000","0.0046500000000000005"
"59850000","0.00725"
"59885000","0.0046"
"59920000","0.00225"
"59955000","0.0025"
"59990000","0.003"
"60025000","0.006600000000000001"
"60060000","0.00485"
"60095000","0.0055"
"60130000","0.00395"
"60165000","0.007749999999999999"
"60200000","0.01165"
"60235000","0.010649999999999998"
"60270000","0.01325"
"60305000","0.01415"
"60340000","0.00775"
"60375000","0.0079"
"60410000","0.0094"
"60445000","0.0079"
"60480000","0.00495"
"60515000","0.009"
"60550000","0.0068000000000000005"
"60585000","0.009"
"60620000","0.01175"
"60655000","0.0085"
"60690000","0.0111"
"60725000","0.0091"
"60760000","0.0054"
"60795000","0.005849999999999999"
"60830000","0.0075"
"60865000","0.00705"
"60900000","0.0086"
"60935000","0.00995"
"60970000","0.0088"
"61005000","0.00825"
"61040000","0.00495"
"61075000","0.01215"
"61110000","0.00425"
"61145000","0.01265"
"61180000","0.0097"
"61215000","0.00275"
"61250000","0.002"
"61285000","0.001"
"61320000","0"
"61355000","0"
"61390000","0"
"61425000","0.00015"
"61460000","0.00005"
"61495000","0.00055"
"61530000","0"
"61565000","0"
"61600000","0.0006"
"61635000","0.00045"
"61670000","0.00005"
"61705000","0.0008500000000000001"
"61740000","0.0006"
"61775000","0.0019"
"61810000","0.00165"
"61845000","0.0022"
"61880000","0.005199999999999999"
"61915000","0.00265"
"61950000","0.005900000000000001"
"61985000","0.00535"
"62020000","0.012899999999999998"
"62055000","0.01025"
"62090000","0.0091"
"62125000","0.0127"
"62160000","0.01155"
"62195000","0.005"
"62230000","0.006900000000000001"
"62265000","0.00865"
"62300000","0.00925"
"62335000","0.0101"
"62370000","0.01395"
"62405000","0.0054"
"62440000","0.01085"
"62475000","0.00555"
"62510000","0.005900000000000001"
"62545000","0.006849999999999999"
"62580000","0.0078"
"62615000","0.005699999999999999"
"62650000","0.0034500000000000004"
"62685000","0.007949999999999999"
"62720000","0.0096"
"62755000","0.0097"
"62790000","0.00925"
"62825000","0.01"
"62860000","0.00505"
"62895000","0.0058"
"62930000","0.0044"
"62965000","0.0031"
"63000000","0.00675"
"63035000","0.0026"
"63070000","0.0014"
"63105000","0.0037"
"63140000","0.00155"
"63175000","0.00115"
"63210000","0.00175"
"63245000","0.003"
"63280000","0.0006"
"63315000","0.00175"
"63350000","0.0018000000000000002"
"63385000","0.00675"
"63420000","0.0064"
"63455000","0.0112"
"63490000","0.0112"
"63525000","0.0094"
"63560000","0.007199999999999999"
"63595000","0.0106"
"63630000","0.00645"
"63665000","0.006"
"63700000","0.0085"
"63735000","0.0114"
"63770000","0.0154"
"63805000","0.0154"
"63840000","0.0105"
"63875000","0.0114"
"63910000","0.01405"
"63945000","0.0054"
"63980000","0.0106"
"64015000","0.0133"
"64050000","0.01045"
"64085000","0.0099"
"64120000","0.0086"
"64155000","0.0116"
"64190000","0.014"
"64225000","0.0092"
"64260000","0.0095"
"64295000","0.00775"
"64330000","0.0067"
"64365000","0.0095"
"64400000","0.00735"
"64435000","0.0128"
"64470000","0.014850000000000002"
"64505000","0.01"
"64540000","0.0153"
"64575000","0.00955"
"64610000","0.00555"
"64645000","0.0068"
"64680000","0.002"
"64715000","0.00225"
"64750000","0.001"
"64785000","0.001"
"64820000","0.003"
"64855000","0.00675"
"64890000","0.005"
"64925000","0.00315"
"64960000","0.00125"
"64995000","0.004"
"65030000","0.00435"
"65065000","0.00525"
"65100000","0.0065"
"65135000","0.00425"
"65170000","0.0036"
"65205000","0.00385"
"65240000","0.00765"
"65275000","0.0135"
"65310000","0.01445"
"65345000","0.0089"
"65380000","0.00735"
"65415000","0.00335"
"65450000","0.0025"
"65485000","0.00075"
"65520000","0.00155"
"65555000","0.00075"
"65590000","0.00925"
"65625000","0.00875"
"65660000","0.00625"
"65695000","0.00145"
"65730000","0.0005"
"65765000","0.0005"
"65800000","0"
"65835000","0.00025"
"65870000","0"
"65905000","0.00025"
"65940000","0.00825"
"65975000","0.0060999999999999995"
"66010000","0.0027"
"66045000","0.0039"
"66080000","0.01085"
"66115000","0.0045"
"66150000","0.0063"
"66185000","0.0044"
"66220000","0.0108"
"66255000","0.0091"
"66290000","0.01145"
"66325000","0.01345"
"66360000","0.00875"
"66395000","0.009"
"66430000","0.00825"
"66465000","0.0074"
"66500000","0.005"
"66535000","0.006849999999999999"
"66570000","0.00535"
"66605000","0.00575"
"66640000","0.0015"
"66675000","0.006549999999999999"
"66710000","0.004"
"66745000","0.0033"
"66780000","0.003"
"66815000","0.0029500000000000004"
"66850000","0.0046"
"66885000","0.006"
"66920000","0.00675"
"66955000","0.00575"
"66990000","0.00595"
"67025000","0.00515"
"67060000","0.0035"
"67095000","0.0035"
"67130000","0.0015"
"67165000","0.00125"
"67200000","0.00075"
"67235000","0.0005"
"67270000","0.00525"
"67305000","0.00775"
"67340000","0.00925"
"67375000","0.01445"
"67410000","0.0128"
"67445000","0.01295"
"67480000","0.01025"
"67515000","0.01135"
"67550000","0.0107"
"67585000","0.01175"
"67620000","0.0095"
"67655000","0.0116"
"67690000","0.0112"
"67725000","0.00895"
"67760000","0.00175"
"67795000","0.00865"
"67830000","0.0070999999999999995"
"67865000","0.00915"
"67900000","0.0078"
"67935000","0.01235"
"67970000","0.010600000000000002"
"68005000","0.01425"
"68040000","0.01045"
"68075000","0.014"
"68110000","0.00575"
"68145000","0.0025"
"68180000","0.006050000000000001"
"68215000","0.0107"
"68250000","0.01445"
"68285000","0.0095"
"68320000","0.008600000000000002"
"68355000","0.00765"
"68390000","0.00835"
"68425000","0.0113"
"68460000","0.006050000000000001"
"68495000","0.0122"
"68530000","0.0102"
"68565000","0.01185"
"68600000","0.014649999999999998"
"68635000","0.012"
"68670000","0.0073"
"68705000","0.01005"
"68740000","0.0068"
"68775000","0.0057"
"68810000","0.00725"
"68845000","0.007300000000000001"
"68880000","0.00175"
"68915000","0.00195"
"68950000","0.00675"
"68985000","0.006549999999999999"
"69020000","0.0012"
"69055000","0"
"69090000","0"
"69125000","0"
"69160000","0.0015"
"69195000","0.006"
"69230000","0.00335"
"69265000","0.01075"
"69300000","0.00675"
"69335000","0.00595"
"69370000","0.00325"
"69405000","0.00505"
"69440000","0.00575"
"69475000","0.00865"
"69510000","0.01185"
"69545000","0.011"
"69580000","0.014899999999999998"
"69615000","0.01595"
"69650000","0.0149"
"69685000","0.0132"
"69720000","0.0124"
"69755000","0.01355"
"69790000","0.01695"
"69825000","0.0141"
"69860000","0.00925"
"69895000","0.006849999999999999"
"69930000","0.006449999999999999"
"69965000","0.007"
"70000000","0.006300000000000001"
"70035000","0.00285"
"70070000","0.001"
"70105000","0.00535"
"70140000","0.00145"
"70175000","0.00025"
"70210000","0.00005"
"70245000","0"
"70280000","0.00025"
"70315000","0"
"70350000","0.0006"
"70385000","0.0006"
"70420000","0.00165"
"70455000","0.00315"
"70490000","0.00335"
"70525000","0.0044"
"70560000","0.0132"
"70595000","0.015099999999999995"
"70630000","0.0147"
"70665000","0.00475"
"70700000","0.0066500000000000005"
"70735000","0.00155"
"70770000","0.00635"
"70805000","0.0016"
"70840000","0.005849999999999999"
"70875000","0.00735"
"70910000","0.006849999999999999"
"70945000","0.0119"
"70980000","0.0079"
"71015000","0.0056"
"71050000","0.005"
"71085000","0.0085"
"71120000","0.00475"
"71155000","0.00375"
"71190000","0.0014"
"71225000","0.00225"
"71260000","0.0005"
"71295000","0.00385"
"71330000","0.00765"
"71365000","0.0064"
"71400000","0.0097"
"71435000","0.0096"
"71470000","0.00625"
"71505000","0.0045"
"71540000","0.00805"
"71575000","0.00835"
"71610000","0.0105"
"71645000","0.00525"
"71680000","0.0066"
"71715000","0.006699999999999999"
"71750000","0.0117"
"71785000","0.005900000000000001"
"71820000","0.01165"
"71855000","0.00365"
"71890000","0.0052"
"71925000","0.0034"
"71960000","0.0016"
"71995000","0.0029"
"72030000","0.0003"
"72065000","0.0043"
"72100000","0.0041"
"72135000","0.00225"
"72170000","0.0035"
"72205000","0.0022"
"72240000","0.0017"
"72275000","0.00125"
"72310000","0.0008"
"72345000","0.0035"
"72380000","0.0091"
"72415000","0.00835"
"72450000","0.00695"
"72485000","0.005849999999999999"
"72520000","0.00355"
"72555000","0.003"
"72590000","0.00285"
"72625000","0.0037"
"72660000","0.0029500000000000004"
"72695000","0.01025"
"72730000","0.006849999999999999"